Column,Mean,Std Dev,Shapiro-Wilk p,Z-stat,P-value,Effect Size,Power (1-Î²),Mann-Whitney U p,95% CI Lower,95% CI Upper
original_row_index,24.5,14.57738,0.058092,11.884246,0.0,1.680686,1.0,,20.459431,28.540569
GBT001_activities,9.86,3.795862,0.03423,18.367559,0.0,2.597565,1.0,,8.80786,10.91214
GBT001_decisions,1.26,1.174734,2.6e-05,7.584309,0.0,1.072583,1.0,,0.934386,1.585614
GBT001_forks,0.0,0.0,1.0,0.0,1.0,0.0,0.0,,0.0,0.0
GBT001_swimlanes,2.7,1.619398,9.8e-05,11.789496,0.0,1.667287,1.0,,2.251134,3.148866
GBT001_detaches,0.0,0.0,1.0,0.0,1.0,0.0,0.0,,0.0,0.0
GBT001_options,0.2,0.494872,0.0,2.857738,0.004267,0.404145,0.815348,,0.062831,0.337169
GBT001_edges,0.16,0.421852,0.0,2.681914,0.00732,0.37928,0.764839,,0.043071,0.276929
GBT001_notes,0.0,0.0,1.0,0.0,1.0,0.0,0.0,,0.0,0.0
GBT001_partitions,0.28,0.671277,0.0,2.949453,0.003183,0.417116,0.838789,,0.093935,0.466065
GBT001_numberline,19.82,7.891328,0.188106,17.759819,0.0,2.511618,1.0,,17.632676,22.007324
GBT001_negative_score,0.0,0.0,1.0,0.0,1.0,0.0,0.0,,0.0,0.0
GBT001_raw_score,41.823,16.555026,0.216184,17.863654,0.0,2.526302,1.0,,37.234265,46.411735
GBT001_percentage_score,65.108,10.103643,0.003327,45.566047,0.0,6.444012,1.0,,62.307464,67.908536
GBT001_functional_complexity,17.31,7.45318,0.150228,16.422544,0.0,2.322498,1.0,,15.244122,19.375878
GBT001_organization_score,5.4,3.238795,9.8e-05,11.789496,0.0,1.667287,1.0,,4.502268,6.297732
GBT001_structural_integrity,10.0,0.0,1.0,0.0,1.0,0.0,0.0,,10.0,10.0
GBT001_decisions_activities_ratio,0.11538,0.101434,8.7e-05,8.043275,0.0,1.137491,1.0,,0.087265,0.143495
GBT001_lines_vs_average,0.42492,0.169231,0.189573,17.754667,0.0,2.510889,1.0,,0.378012,0.471828
GBT002_activities,9.58,3.546139,0.169258,19.1027,0.0,2.70153,1.0,,8.597078,10.562922
GBT002_decisions,1.28,1.143571,8.3e-05,7.914651,0.0,1.119301,1.0,,0.963024,1.596976
GBT002_forks,0.0,0.0,1.0,0.0,1.0,0.0,0.0,,0.0,0.0
GBT002_swimlanes,2.68,1.856483,4e-06,10.207719,0.0,1.44359,1.0,,2.165419,3.194581
GBT002_detaches,0.0,0.0,1.0,0.0,1.0,0.0,0.0,,0.0,0.0
GBT002_options,0.12,0.328261,0.0,2.584921,0.00974,0.365563,0.734003,,0.029012,0.210988
GBT002_edges,0.22,0.581694,0.0,2.674321,0.007488,0.378206,0.762498,,0.058766,0.381234
GBT002_notes,0.0,0.0,1.0,0.0,1.0,0.0,0.0,,0.0,0.0
GBT002_partitions,0.24,0.686904,0.0,2.470588,0.013489,0.349394,0.695198,,0.049603,0.430397
GBT002_numberline,19.46,7.661752,0.092066,17.959727,0.0,2.539889,1.0,,17.33631,21.58369
GBT002_negative_score,0.0,0.0,1.0,0.0,1.0,0.0,0.0,,0.0,0.0
GBT002_raw_score,40.937,15.992887,0.213907,18.099816,0.0,2.5597,1.0,,36.504079,45.369921
GBT002_percentage_score,64.83,9.503667,0.036201,48.235834,0.0,6.821577,1.0,,62.195766,67.464234
GBT002_functional_complexity,16.93,6.995633,0.176056,17.112559,0.0,2.420081,1.0,,14.990945,18.869055
GBT002_organization_score,5.36,3.712967,4e-06,10.207719,0.0,1.44359,1.0,,4.330837,6.389163
GBT002_structural_integrity,10.0,0.0,1.0,0.0,1.0,0.0,0.0,,10.0,10.0
GBT002_decisions_activities_ratio,0.12128,0.099489,0.000795,8.619864,0.0,1.219033,1.0,,0.093704,0.148856
GBT002_lines_vs_average,0.41716,0.164263,0.091676,17.957636,0.0,2.539593,1.0,,0.37163,0.46269
GBT003_activities,9.76,3.862747,0.174103,17.866461,0.0,2.526699,1.0,,8.689321,10.830679
GBT003_decisions,1.28,1.16128,4.2e-05,7.793957,0.0,1.102232,1.0,,0.958115,1.601885
GBT003_forks,0.02,0.141421,0.0,1.0,0.317311,0.141421,0.170075,,-0.019199,0.059199
GBT003_swimlanes,2.68,1.80068,9e-06,10.524058,0.0,1.488327,1.0,,2.180886,3.179114
GBT003_detaches,0.0,0.0,1.0,0.0,1.0,0.0,0.0,,0.0,0.0
GBT003_options,0.12,0.328261,0.0,2.584921,0.00974,0.365563,0.734003,,0.029012,0.210988
GBT003_edges,0.24,0.624663,0.0,2.716754,0.006593,0.384207,0.775414,,0.066855,0.413145
GBT003_notes,0.0,0.0,1.0,0.0,1.0,0.0,0.0,,0.0,0.0
GBT003_partitions,0.26,0.723089,0.0,2.542534,0.011005,0.359569,0.719912,,0.059574,0.460426
GBT003_numberline,19.62,8.280516,0.051217,16.754313,0.0,2.369418,1.0,,17.3248,21.9152
GBT003_negative_score,-0.06,0.424264,0.0,-1.0,0.317311,-0.141421,0.170075,,-0.177598,0.057598
GBT003_raw_score,41.539,17.595901,0.084841,16.692813,0.0,2.36072,1.0,,36.661755,46.416245
GBT003_percentage_score,64.688,10.339969,0.018209,44.23739,0.0,6.256112,1.0,,61.82196,67.55404
GBT003_functional_complexity,17.23,7.707146,0.058738,15.807991,0.0,2.235588,1.0,,15.093727,19.366273
GBT003_organization_score,5.36,3.60136,9e-06,10.524058,0.0,1.488327,1.0,,4.361772,6.358228
GBT003_structural_integrity,9.94,0.424264,0.0,165.666667,0.0,23.428805,1.0,,9.822402,10.057598
GBT003_decisions_activities_ratio,0.11198,0.095401,0.000358,8.299886,0.0,1.173781,1.0,,0.085537,0.138423
GBT003_lines_vs_average,0.42064,0.177555,0.051325,16.751811,0.0,2.369064,1.0,,0.371425,0.469855
GBT051_activities,9.56,3.614935,0.161828,18.700034,0.0,2.644584,1.0,,8.55801,10.56199
GBT051_decisions,1.24,1.116847,1e-05,7.850784,0.0,1.110269,1.0,,0.930432,1.549568
GBT051_forks,0.02,0.141421,0.0,1.0,0.317311,0.141421,0.170075,,-0.019199,0.059199
GBT051_swimlanes,2.8,2.175935,0.0,9.099072,0.0,1.286803,1.0,,2.196873,3.403127
GBT051_detaches,0.0,0.0,1.0,0.0,1.0,0.0,0.0,,0.0,0.0
GBT051_options,0.1,0.303046,0.0,2.333333,0.019631,0.329983,0.645572,,0.016002,0.183998
GBT051_edges,0.14,0.35051,0.0,2.824313,0.004738,0.399418,0.806303,,0.042845,0.237155
GBT051_notes,0.0,0.0,1.0,0.0,1.0,0.0,0.0,,0.0,0.0
GBT051_partitions,0.18,0.437526,0.0,2.90907,0.003625,0.411405,0.828717,,0.058726,0.301274
GBT051_numberline,19.52,8.020993,0.019921,17.208249,0.0,2.433614,1.0,,17.296735,21.743265
GBT051_negative_score,-0.06,0.424264,0.0,-1.0,0.317311,-0.141421,0.170075,,-0.177598,0.057598
GBT051_raw_score,40.754,16.717743,0.116964,17.237631,0.0,2.437769,1.0,,36.120163,45.387837
GBT051_percentage_score,64.516,9.832586,0.058949,46.396445,0.0,6.561448,1.0,,61.790596,67.241404
GBT051_functional_complexity,16.85,7.032178,0.17926,16.943184,0.0,2.396128,1.0,,14.900815,18.799185
GBT051_organization_score,5.6,4.35187,0.0,9.099072,0.0,1.286803,1.0,,4.393745,6.806255
GBT051_structural_integrity,9.94,0.424264,0.0,165.666667,0.0,23.428805,1.0,,9.822402,10.057598
GBT051_decisions_activities_ratio,0.11636,0.099913,0.00031,8.235044,0.0,1.164611,1.0,,0.088666,0.144054
GBT051_lines_vs_average,0.41852,0.172012,0.019969,17.204539,0.0,2.433089,1.0,,0.370842,0.466198
GBT052_activities,9.94,3.950768,0.134701,17.790568,0.0,2.515966,1.0,,8.844923,11.035077
GBT052_decisions,1.32,0.978128,8e-05,9.542522,0.0,1.349516,1.0,,1.048882,1.591118
GBT052_forks,0.02,0.141421,0.0,1.0,0.317311,0.141421,0.170075,,-0.019199,0.059199
GBT052_swimlanes,2.68,1.811978,8e-06,10.458438,0.0,1.479046,1.0,,2.177754,3.182246
GBT052_detaches,0.0,0.0,1.0,0.0,1.0,0.0,0.0,,0.0,0.0
GBT052_options,0.1,0.303046,0.0,2.333333,0.019631,0.329983,0.645572,,0.016002,0.183998
GBT052_edges,0.32,0.819158,0.0,2.762276,0.00574,0.390645,0.788815,,0.092945,0.547055
GBT052_notes,0.0,0.0,1.0,0.0,1.0,0.0,0.0,,0.0,0.0
GBT052_partitions,0.16,0.509502,0.0,2.220544,0.026382,0.314032,0.602807,,0.018776,0.301224
GBT052_numberline,20.04,7.370543,0.233173,19.225749,0.0,2.718931,1.0,,17.997027,22.082973
GBT052_negative_score,-0.06,0.424264,0.0,-1.0,0.317311,-0.141421,0.170075,,-0.177598,0.057598
GBT052_raw_score,42.186,16.908261,0.160071,17.642268,0.0,2.494993,1.0,,37.499355,46.872645
GBT052_percentage_score,65.308,9.673377,0.035594,47.738996,0.0,6.751314,1.0,,62.626726,67.989274
GBT052_functional_complexity,17.58,7.318107,0.143216,16.986547,0.0,2.40226,1.0,,15.551561,19.608439
GBT052_organization_score,5.36,3.623957,8e-06,10.458438,0.0,1.479046,1.0,,4.355509,6.364491
GBT052_structural_integrity,9.94,0.424264,0.0,165.666667,0.0,23.428805,1.0,,9.822402,10.057598
GBT052_decisions_activities_ratio,0.1269,0.092107,0.009092,9.742164,0.0,1.37775,1.0,,0.10137,0.15243
GBT052_lines_vs_average,0.42972,0.158066,0.232625,19.223453,0.0,2.718607,1.0,,0.385907,0.473533
GBT053_activities,10.2,4.075812,0.144062,17.695833,0.0,2.502569,1.0,,9.070263,11.329737
GBT053_decisions,1.44,1.145711,0.000322,8.887355,0.0,1.256862,1.0,,1.122431,1.757569
GBT053_forks,0.06,0.239898,0.0,1.768519,0.076974,0.250106,0.424185,,-0.006495,0.126495
GBT053_swimlanes,2.64,1.859998,2e-06,10.036366,0.0,1.419357,1.0,,2.124444,3.155556
GBT053_detaches,0.0,0.0,1.0,0.0,1.0,0.0,0.0,,0.0,0.0
GBT053_options,0.18,0.481918,0.0,2.641097,0.008264,0.373508,0.752109,,0.046422,0.313578
GBT053_edges,0.14,0.452205,0.0,2.189159,0.028585,0.309594,0.590658,,0.014657,0.265343
GBT053_notes,0.02,0.141421,0.0,1.0,0.317311,0.141421,0.170075,,-0.019199,0.059199
GBT053_partitions,0.26,0.632778,0.0,2.905406,0.003668,0.410887,0.827784,,0.084606,0.435394
GBT053_numberline,20.74,8.113506,0.044868,18.075287,0.0,2.556232,1.0,,18.491092,22.988908
GBT053_negative_score,-0.12,0.593846,0.0,-1.428869,0.153042,-0.202073,0.298027,,-0.284603,0.044603
GBT053_raw_score,43.491,17.469085,0.261221,17.604116,0.0,2.489598,1.0,,38.648906,48.333094
GBT053_percentage_score,65.838,9.955675,0.015011,46.761768,0.0,6.613113,1.0,,63.078478,68.597522
GBT053_functional_complexity,18.27,7.738197,0.135834,16.694898,0.0,2.361015,1.0,,16.125121,20.414879
GBT053_organization_score,5.28,3.719996,2e-06,10.036366,0.0,1.419357,1.0,,4.248889,6.311111
GBT053_structural_integrity,9.88,0.593846,0.0,117.643549,0.0,16.63731,1.0,,9.715397,10.044603
GBT053_decisions_activities_ratio,0.13198,0.096952,0.00813,9.625788,0.0,1.361292,1.0,,0.105107,0.158853
GBT053_lines_vs_average,0.44468,0.173882,0.044877,18.083285,0.0,2.557363,1.0,,0.396483,0.492877
GBT091_activities,9.84,3.749068,0.001364,18.559095,0.0,2.624652,1.0,,8.80083,10.87917
GBT091_decisions,1.34,1.09935,0.000169,8.618936,0.0,1.218902,1.0,,1.035281,1.644719
GBT091_forks,0.04,0.197949,0.0,1.428869,0.153042,0.202073,0.298027,,-0.014868,0.094868
GBT091_swimlanes,2.58,1.566095,2.4e-05,11.648946,0.0,1.64741,1.0,,2.145909,3.014091
GBT091_detaches,0.0,0.0,1.0,0.0,1.0,0.0,0.0,,0.0,0.0
GBT091_options,0.32,0.62073,0.0,3.64529,0.000267,0.515522,0.954037,,0.147945,0.492055
GBT091_edges,0.2,0.451754,0.0,3.130495,0.001745,0.442719,0.879107,,0.074782,0.325218
GBT091_notes,0.0,0.0,1.0,0.0,1.0,0.0,0.0,,0.0,0.0
GBT091_partitions,0.28,0.671277,0.0,2.949453,0.003183,0.417116,0.838789,,0.093935,0.466065
GBT091_numberline,20.06,7.554996,0.012849,18.775076,0.0,2.655197,1.0,,17.965901,22.154099
GBT091_negative_score,-0.06,0.424264,0.0,-1.0,0.317311,-0.141421,0.170075,,-0.177598,0.057598
GBT091_raw_score,42.083,16.042372,0.002209,18.549111,0.0,2.62324,1.0,,37.636363,46.529637
GBT091_percentage_score,65.79,8.01461,0.6062,58.044687,0.0,8.208758,1.0,,63.568504,68.011496
GBT091_functional_complexity,17.5,7.277306,0.007296,17.004051,0.0,2.404736,1.0,,15.482871,19.517129
GBT091_organization_score,5.16,3.13219,2.4e-05,11.648946,0.0,1.64741,1.0,,4.291817,6.028183
GBT091_structural_integrity,9.94,0.424264,0.0,165.666667,0.0,23.428805,1.0,,9.822402,10.057598
GBT091_decisions_activities_ratio,0.1283,0.094916,0.00106,9.558102,0.0,1.35172,1.0,,0.101991,0.154609
GBT091_lines_vs_average,0.4301,0.161968,0.012806,18.776925,0.0,2.655458,1.0,,0.385206,0.474994
GBT092_activities,10.24,3.841556,0.271915,18.848544,0.0,2.665587,1.0,,9.175195,11.304805
GBT092_decisions,1.5,1.265718,7.9e-05,8.379912,0.0,1.185099,1.0,,1.149167,1.850833
GBT092_forks,0.0,0.0,1.0,0.0,1.0,0.0,0.0,,0.0,0.0
GBT092_swimlanes,2.58,1.679286,0.000106,10.86376,0.0,1.536368,1.0,,2.114534,3.045466
GBT092_detaches,0.0,0.0,1.0,0.0,1.0,0.0,0.0,,0.0,0.0
GBT092_options,0.12,0.328261,0.0,2.584921,0.00974,0.365563,0.734003,,0.029012,0.210988
GBT092_edges,0.18,0.522553,0.0,2.435721,0.014862,0.344463,0.682882,,0.035158,0.324842
GBT092_notes,0.0,0.0,1.0,0.0,1.0,0.0,0.0,,0.0,0.0
GBT092_partitions,0.3,0.762648,0.0,2.781518,0.005411,0.393366,0.794336,,0.088609,0.511391
GBT092_numberline,21.02,8.120244,0.034307,18.30411,0.0,2.588592,1.0,,18.769224,23.270776
GBT092_negative_score,-0.2,1.414214,0.0,-1.0,0.317311,-0.141421,0.170075,,-0.591993,0.191993
GBT092_raw_score,43.517,17.038176,0.194924,18.060129,0.0,2.554088,1.0,,38.794345,48.239655
GBT092_percentage_score,65.942,10.08521,0.002107,46.234074,0.0,6.538485,1.0,,63.146574,68.737426
GBT092_functional_complexity,18.36,7.75784,0.073888,16.734659,0.0,2.366638,1.0,,16.209676,20.510324
GBT092_organization_score,5.16,3.358571,0.000106,10.86376,0.0,1.536368,1.0,,4.229069,6.090931
GBT092_structural_integrity,9.8,1.414214,0.0,49.0,0.0,6.929646,1.0,,9.408007,10.191993
GBT092_decisions_activities_ratio,0.13564,0.096154,0.004289,9.974833,0.0,1.410654,1.0,,0.108988,0.162292
GBT092_lines_vs_average,0.45066,0.174114,0.034424,18.302108,0.0,2.588309,1.0,,0.402399,0.498921
GBT093_activities,9.92,4.188614,0.029006,16.746587,0.0,2.368325,1.0,,8.758997,11.081003
GBT093_decisions,1.32,1.219568,9e-06,7.653371,0.0,1.08235,1.0,,0.981959,1.658041
GBT093_forks,0.04,0.197949,0.0,1.428869,0.153042,0.202073,0.298027,,-0.014868,0.094868
GBT093_swimlanes,2.64,2.017879,2e-06,9.251108,0.0,1.308304,1.0,,2.080683,3.199317
GBT093_detaches,0.0,0.0,1.0,0.0,1.0,0.0,0.0,,0.0,0.0
GBT093_options,0.16,0.467734,0.0,2.418832,0.01557,0.342074,0.676841,,0.030353,0.289647
GBT093_edges,0.12,0.520596,0.0,1.629916,0.103119,0.230505,0.370847,,-0.024299,0.264299
GBT093_notes,0.0,0.0,1.0,0.0,1.0,0.0,0.0,,0.0,0.0
GBT093_partitions,0.28,0.881557,0.0,2.245911,0.02471,0.31762,0.612554,,0.035649,0.524351
GBT093_numberline,20.26,8.895791,0.000803,16.104226,0.0,2.277481,1.0,,17.794258,22.725742
GBT093_negative_score,-0.5214,2.87285,0.0,-1.283344,0.199372,-0.181492,0.249914,,-1.317699,0.274899
GBT093_raw_score,41.6556,19.22389,0.009679,15.322059,0.0,2.166866,1.0,,36.327108,46.984092
GBT093_percentage_score,64.182,11.381935,0.015134,39.873297,0.0,5.638936,1.0,,61.027147,67.336853
GBT093_functional_complexity,17.58,7.907862,0.047016,15.719719,0.0,2.223104,1.0,,15.388093,19.771907
GBT093_organization_score,5.28,4.035759,2e-06,9.251108,0.0,1.308304,1.0,,4.161365,6.398635
GBT093_structural_integrity,9.6786,1.517503,0.0,45.099102,0.0,6.377976,1.0,,9.257977,10.099223
GBT093_decisions_activities_ratio,0.12486,0.097699,0.003106,9.036851,0.0,1.278004,1.0,,0.09778,0.15194
GBT093_lines_vs_average,0.43436,0.190667,0.000808,16.108682,0.0,2.278112,1.0,,0.381511,0.487209
CLD001_activities,13.7,4.541195,0.655855,21.33219,0.0,3.016827,1.0,,12.441268,14.958732
CLD001_decisions,2.28,1.16128,0.003119,13.882986,0.0,1.963351,1.0,,1.958115,2.601885
CLD001_forks,0.56,0.7329,0.0,5.402915,0.0,0.764088,0.999712,,0.356854,0.763146
CLD001_swimlanes,0.18,0.825363,0.0,1.542099,0.123049,0.218086,0.338254,,-0.048775,0.408775
CLD001_detaches,0.06,0.424264,0.0,1.0,0.317311,0.141421,0.170075,,-0.057598,0.177598
CLD001_options,0.14,0.404566,0.0,2.446943,0.014407,0.34605,0.686869,,0.027862,0.252138
CLD001_edges,0.14,0.534904,0.0,1.850704,0.064212,0.261729,0.456568,,-0.008265,0.288265
CLD001_notes,0.0,0.0,1.0,0.0,1.0,0.0,0.0,,0.0,0.0
CLD001_partitions,0.08,0.340468,0.0,1.661494,0.096614,0.234971,0.382819,,-0.014371,0.174371
CLD001_numberline,27.52,7.573423,0.134228,25.694562,0.0,3.63376,1.0,,25.420793,29.619207
CLD001_negative_score,-0.106,0.501085,0.0,-1.495822,0.1347,-0.211541,0.321547,,-0.244891,0.032891
CLD001_raw_score,53.868,17.865038,0.82058,21.321214,0.0,3.015275,1.0,,48.916155,58.819845
CLD001_percentage_score,70.824,8.760872,1.3e-05,57.163407,0.0,8.084127,1.0,,68.395655,73.252345
CLD001_functional_complexity,25.95,8.458331,0.840805,21.693902,0.0,3.067981,1.0,,23.605513,28.294487
CLD001_organization_score,0.36,1.650726,0.0,1.542099,0.123049,0.218086,0.338254,,-0.09755,0.81755
CLD001_structural_integrity,9.894,0.501085,0.0,139.619445,0.0,19.745171,1.0,,9.755109,10.032891
CLD001_decisions_activities_ratio,0.17926,0.140786,0.0,9.003424,0.0,1.273276,1.0,,0.140237,0.218283
CLD001_lines_vs_average,0.5901,0.16236,0.134457,25.699881,0.0,3.634512,1.0,,0.545097,0.635103
CLD002_activities,13.56,3.995712,0.112028,23.996644,0.0,3.393638,1.0,,12.452465,14.667535
CLD002_decisions,2.44,1.231558,0.001867,14.009416,0.0,1.981231,1.0,,2.098636,2.781364
CLD002_forks,0.54,0.705951,0.0,5.408838,0.0,0.764925,0.999719,,0.344324,0.735676
CLD002_swimlanes,0.14,0.728711,0.0,1.358493,0.174307,0.19212,0.274216,,-0.061985,0.341985
CLD002_detaches,0.0,0.0,1.0,0.0,1.0,0.0,0.0,,0.0,0.0
CLD002_options,0.12,0.38545,0.0,2.201398,0.027708,0.311325,0.595407,,0.013161,0.226839
CLD002_edges,0.2,0.670059,0.0,2.110579,0.034808,0.298481,0.559884,,0.014272,0.385728
CLD002_notes,0.02,0.141421,0.0,1.0,0.317311,0.141421,0.170075,,-0.019199,0.059199
CLD002_partitions,0.06,0.313636,0.0,1.352729,0.176142,0.191305,0.272309,,-0.026934,0.146934
CLD002_numberline,27.88,7.44405,0.874559,26.483081,0.0,3.745273,1.0,,25.816653,29.943347
CLD002_negative_score,-0.012,0.06667,0.0,-1.272727,0.203115,-0.179991,0.24658,,-0.03048,0.00648
CLD002_raw_score,54.188,16.642856,0.204048,23.022913,0.0,3.255932,1.0,,49.574921,58.801079
CLD002_percentage_score,71.544,6.940716,0.003055,72.887653,0.0,10.307871,1.0,,69.620167,73.467833
CLD002_functional_complexity,26.03,7.81313,0.173557,23.557767,0.0,3.331571,1.0,,23.864351,28.195649
CLD002_organization_score,0.28,1.457423,0.0,1.358493,0.174307,0.19212,0.274216,,-0.12397,0.68397
CLD002_structural_integrity,9.988,0.06667,0.0,1059.333333,0.0,149.812357,1.0,,9.96952,10.00648
CLD002_decisions_activities_ratio,0.18074,0.082493,0.173502,15.492432,0.0,2.190961,1.0,,0.157874,0.203606
CLD002_lines_vs_average,0.59782,0.159555,0.876226,26.493855,0.0,3.746797,1.0,,0.553594,0.642046
CLD003_activities,13.46,4.12167,0.724987,23.09175,0.0,3.265667,1.0,,12.317552,14.602448
CLD003_decisions,2.32,1.132813,0.006237,14.48154,0.0,2.047999,1.0,,2.006006,2.633994
CLD003_forks,0.56,0.704504,0.0,5.620685,0.0,0.794885,0.999874,,0.364725,0.755275
CLD003_swimlanes,0.02,0.141421,0.0,1.0,0.317311,0.141421,0.170075,,-0.019199,0.059199
CLD003_detaches,0.02,0.141421,0.0,1.0,0.317311,0.141421,0.170075,,-0.019199,0.059199
CLD003_options,0.18,0.560248,0.0,2.271838,0.023096,0.321286,0.622443,,0.02471,0.33529
CLD003_edges,0.06,0.313636,0.0,1.352729,0.176142,0.191305,0.272309,,-0.026934,0.146934
CLD003_notes,0.02,0.141421,0.0,1.0,0.317311,0.141421,0.170075,,-0.019199,0.059199
CLD003_partitions,0.06,0.313636,0.0,1.352729,0.176142,0.191305,0.272309,,-0.026934,0.146934
CLD003_numberline,27.16,6.828392,0.4979,28.125245,0.0,3.97751,1.0,,25.267301,29.052699
CLD003_negative_score,-0.051,0.302454,0.0,-1.192327,0.233133,-0.168621,0.222162,,-0.134834,0.032834
CLD003_raw_score,53.015,16.001742,0.127938,23.426991,0.0,3.313077,1.0,,48.579625,57.450375
CLD003_percentage_score,70.918,8.0545,6e-06,62.259106,0.0,8.804767,1.0,,68.685447,73.150553
CLD003_functional_complexity,25.67,7.7041,0.244442,23.56074,0.0,3.331992,1.0,,23.534572,27.805428
CLD003_organization_score,0.04,0.282843,0.0,1.0,0.317311,0.141421,0.170075,,-0.038399,0.118399
CLD003_structural_integrity,9.949,0.302454,0.0,232.597341,0.0,32.894231,1.0,,9.865166,10.032834
CLD003_decisions_activities_ratio,0.1867,0.138821,0.0,9.509879,0.0,1.3449,1.0,,0.148222,0.225178
CLD003_lines_vs_average,0.58234,0.146383,0.493954,28.130134,0.0,3.978202,1.0,,0.541766,0.622914
CLD051_activities,19.12,6.935975,0.047699,19.492401,0.0,2.756642,1.0,,17.197481,21.042519
CLD051_decisions,3.62,2.108196,0.000454,12.141787,0.0,1.717108,1.0,,3.035649,4.204351
CLD051_forks,0.18,0.437526,0.0,2.90907,0.003625,0.411405,0.828717,,0.058726,0.301274
CLD051_swimlanes,0.26,0.985818,0.0,1.864926,0.062192,0.26374,0.462208,,-0.01325,0.53325
CLD051_detaches,0.0,0.0,1.0,0.0,1.0,0.0,0.0,,0.0,0.0
CLD051_options,0.1,0.303046,0.0,2.333333,0.019631,0.329983,0.645572,,0.016002,0.183998
CLD051_edges,0.02,0.141421,0.0,1.0,0.317311,0.141421,0.170075,,-0.019199,0.059199
CLD051_notes,0.36,0.749422,0.0,3.396732,0.000682,0.48037,0.924608,,0.152275,0.567725
CLD051_partitions,0.06,0.424264,0.0,1.0,0.317311,0.141421,0.170075,,-0.057598,0.177598
CLD051_numberline,38.86,12.750366,0.0146,21.550887,0.0,3.047756,1.0,,35.325844,42.394156
CLD051_negative_score,-0.019655,0.093972,0.0,-1.478948,0.139154,-0.209155,0.315545,,-0.045702,0.006393
CLD051_raw_score,75.3252,26.970364,0.024158,19.748699,0.0,2.792888,1.0,,67.849534,82.800866
CLD051_percentage_score,77.334,6.330574,0.12404,86.379838,0.0,12.215954,1.0,,75.579287,79.088713
CLD051_functional_complexity,36.19,13.385909,0.011771,19.117264,0.0,2.703589,1.0,,32.479684,39.900316
CLD051_organization_score,0.52,1.971636,0.0,1.864926,0.062192,0.26374,0.462208,,-0.026499,1.066499
CLD051_structural_integrity,9.9802,0.094469,0.0,747.022256,0.0,105.644901,1.0,,9.954015,10.006385
CLD051_decisions_activities_ratio,0.1888,0.082622,0.114239,16.158121,0.0,2.285103,1.0,,0.165899,0.211701
CLD051_lines_vs_average,0.83324,0.273309,0.014478,21.557631,0.0,3.048709,1.0,,0.757484,0.908996
CLD052_activities,19.84,7.643485,0.02533,18.354192,0.0,2.595675,1.0,,17.721373,21.958627
CLD052_decisions,3.64,2.057936,0.001619,12.507037,0.0,1.768762,1.0,,3.06958,4.21042
CLD052_forks,0.22,0.46467,0.0,3.347826,0.000814,0.473454,0.917411,,0.091202,0.348798
CLD052_swimlanes,0.26,0.943506,0.0,1.948559,0.051348,0.275568,0.495497,,-0.001522,0.521522
CLD052_detaches,0.0,0.0,1.0,0.0,1.0,0.0,0.0,,0.0,0.0
CLD052_options,0.2,0.606092,0.0,2.333333,0.019631,0.329983,0.645572,,0.032003,0.367997
CLD052_edges,0.0,0.0,1.0,0.0,1.0,0.0,0.0,,0.0,0.0
CLD052_notes,0.38,0.830294,0.0,3.236211,0.001211,0.457669,0.899066,,0.149859,0.610141
CLD052_partitions,0.02,0.141421,0.0,1.0,0.317311,0.141421,0.170075,,-0.019199,0.059199
CLD052_numberline,39.14,14.39389,0.175962,19.227713,0.0,2.719209,1.0,,35.15029,43.12971
CLD052_negative_score,0.0,0.0,1.0,0.0,1.0,0.0,0.0,,0.0,0.0
CLD052_raw_score,77.751,30.507414,0.022794,18.021278,0.0,2.548594,1.0,,69.294932,86.207068
CLD052_percentage_score,77.586,6.791922,0.149546,80.774756,0.0,11.423276,1.0,,75.70341,79.46859
CLD052_functional_complexity,37.37,15.19862,0.026705,17.38617,0.0,2.458776,1.0,,33.157235,41.582765
CLD052_organization_score,0.52,1.887013,0.0,1.948559,0.051348,0.275568,0.495497,,-0.003044,1.043044
CLD052_structural_integrity,10.0,0.0,1.0,0.0,1.0,0.0,0.0,,10.0,10.0
CLD052_decisions_activities_ratio,0.17636,0.058431,0.146378,21.342288,0.0,3.018255,1.0,,0.160164,0.192556
CLD052_lines_vs_average,0.8392,0.308675,0.175675,19.22423,0.0,2.718717,1.0,,0.753641,0.924759
CLD053_activities,19.56,6.767751,0.241071,20.43664,0.0,2.890177,1.0,,17.68411,21.43589
CLD053_decisions,3.78,1.919715,0.004908,13.923231,0.0,1.969042,1.0,,3.247892,4.312108
CLD053_forks,0.18,0.437526,0.0,2.90907,0.003625,0.411405,0.828717,,0.058726,0.301274
CLD053_swimlanes,0.12,0.718275,0.0,1.181342,0.237467,0.167067,0.218942,,-0.079092,0.319092
CLD053_detaches,0.0,0.0,1.0,0.0,1.0,0.0,0.0,,0.0,0.0
CLD053_options,0.22,0.615779,0.0,2.526288,0.011527,0.357271,0.714417,,0.049318,0.390682
CLD053_edges,0.0,0.0,1.0,0.0,1.0,0.0,0.0,,0.0,0.0
CLD053_notes,0.22,0.581694,0.0,2.674321,0.007488,0.378206,0.762498,,0.058766,0.381234
CLD053_partitions,0.06,0.424264,0.0,1.0,0.317311,0.141421,0.170075,,-0.057598,0.177598
CLD053_numberline,38.88,12.476329,0.221095,22.035578,0.0,3.116301,1.0,,35.421802,42.338198
CLD053_negative_score,-0.010167,0.056677,0.0,-1.268403,0.204654,-0.179379,0.245229,,-0.025876,0.005543
CLD053_raw_score,76.9998,26.659989,0.249147,20.422769,0.0,2.888216,1.0,,69.610164,84.389436
CLD053_percentage_score,77.774,6.292393,0.044472,87.398425,0.0,12.360004,1.0,,76.02987,79.51813
CLD053_functional_complexity,37.17,13.217031,0.216404,19.885827,0.0,2.812281,1.0,,33.506493,40.833507
CLD053_organization_score,0.24,1.436549,0.0,1.181342,0.237467,0.167067,0.218942,,-0.158184,0.638184
CLD053_structural_integrity,9.99,0.056025,0.0,1260.870148,0.0,178.313966,1.0,,9.974471,10.005529
CLD053_decisions_activities_ratio,0.19062,0.066089,0.361883,20.394944,0.0,2.884281,1.0,,0.172301,0.208939
CLD053_lines_vs_average,0.83372,0.267464,0.221386,22.041444,0.0,3.117131,1.0,,0.759584,0.907856
CLD091_activities,14.08,4.280187,0.221906,23.260815,0.0,3.289576,1.0,,12.893615,15.266385
CLD091_decisions,2.46,1.373362,0.000394,12.665874,0.0,1.791225,1.0,,2.079331,2.840669
CLD091_forks,0.64,0.749422,0.0,6.038635,0.0,0.853992,0.999977,,0.432275,0.847725
CLD091_swimlanes,0.42,1.591944,0.0,1.865548,0.062105,0.263828,0.462455,,-0.021256,0.861256
CLD091_detaches,0.02,0.141421,0.0,1.0,0.317311,0.141421,0.170075,,-0.019199,0.059199
CLD091_options,0.2,0.571429,0.0,2.474874,0.013328,0.35,0.696697,,0.041611,0.358389
CLD091_edges,0.14,0.495284,0.0,1.998752,0.045635,0.282666,0.515508,,0.002717,0.277283
CLD091_notes,0.0,0.0,1.0,0.0,1.0,0.0,0.0,,0.0,0.0
CLD091_partitions,0.02,0.141421,0.0,1.0,0.317311,0.141421,0.170075,,-0.019199,0.059199
CLD091_numberline,28.54,8.668992,0.556606,23.279323,0.0,3.292193,1.0,,26.137122,30.942878
CLD091_negative_score,-0.001,0.007071,0.0,-1.0,0.317311,-0.141421,0.170075,,-0.00296,0.00096
CLD091_raw_score,56.634,18.133579,0.229378,22.08405,0.0,3.123156,1.0,,51.607721,61.660279
CLD091_percentage_score,72.358,6.725191,0.028603,76.079369,0.0,10.759248,1.0,,70.493906,74.222094
CLD091_functional_complexity,27.0,8.435227,0.276954,22.633513,0.0,3.200862,1.0,,24.661917,29.338083
CLD091_organization_score,0.84,3.183888,0.0,1.865548,0.062105,0.263828,0.462455,,-0.042513,1.722513
CLD091_structural_integrity,9.999,0.007071,0.0,9999.0,0.0,1414.072141,1.0,,9.99704,10.00096
CLD091_decisions_activities_ratio,0.17494,0.084611,0.84886,14.61994,0.0,2.067572,1.0,,0.151487,0.198393
CLD091_lines_vs_average,0.61194,0.185808,0.554751,23.287833,0.0,3.293397,1.0,,0.560438,0.663442
CLD092_activities,13.82,4.466154,0.841901,21.880607,0.0,3.094385,1.0,,12.582068,15.057932
CLD092_decisions,2.36,1.453497,0.002264,11.481085,0.0,1.623671,1.0,,1.957119,2.762881
CLD092_forks,0.56,0.7329,0.0,5.402915,0.0,0.764088,0.999712,,0.356854,0.763146
CLD092_swimlanes,0.18,1.00387,0.0,1.267885,0.204839,0.179306,0.245068,,-0.098253,0.458253
CLD092_detaches,0.0,0.0,1.0,0.0,1.0,0.0,0.0,,0.0,0.0
CLD092_options,0.28,0.729551,0.0,2.713859,0.00665,0.383798,0.774545,,0.077782,0.482218
CLD092_edges,0.18,0.719694,0.0,1.768519,0.076974,0.250106,0.424185,,-0.019485,0.379485
CLD092_notes,0.02,0.141421,0.0,1.0,0.317311,0.141421,0.170075,,-0.019199,0.059199
CLD092_partitions,0.14,0.534904,0.0,1.850704,0.064212,0.261729,0.456568,,-0.008265,0.288265
CLD092_numberline,28.52,7.895336,0.495721,25.54253,0.0,3.612259,1.0,,26.331565,30.708435
CLD092_negative_score,-0.108,0.477703,0.0,-1.598641,0.1099,-0.226082,0.359115,,-0.24041,0.02441
CLD092_raw_score,54.98,18.234138,0.906681,21.32085,0.0,3.015223,1.0,,49.925848,60.034152
CLD092_percentage_score,71.408,8.243212,0.000216,61.254132,0.0,8.662642,1.0,,69.12314,73.69286
CLD092_functional_complexity,26.29,8.678551,0.920053,21.420439,0.0,3.029308,1.0,,23.884473,28.695527
CLD092_organization_score,0.36,2.00774,0.0,1.267885,0.204839,0.179306,0.245068,,-0.196507,0.916507
CLD092_structural_integrity,9.892,0.477703,0.0,146.423671,0.0,20.707434,1.0,,9.75959,10.02441
CLD092_decisions_activities_ratio,0.17348,0.092734,0.133526,13.228064,0.0,1.870731,1.0,,0.147776,0.199184
CLD092_lines_vs_average,0.61154,0.169248,0.491357,25.549794,0.0,3.613287,1.0,,0.564628,0.658452
CLD093_activities,14.26,4.480388,0.096683,22.505512,0.0,3.18276,1.0,,13.018123,15.501877
CLD093_decisions,2.6,1.498298,0.020166,12.270437,0.0,1.735302,1.0,,2.184701,3.015299
CLD093_forks,0.44,0.704504,0.0,4.416253,1e-05,0.624552,0.992981,,0.244725,0.635275
CLD093_swimlanes,0.34,1.080627,0.0,2.224785,0.026096,0.314632,0.604441,,0.040471,0.639529
CLD093_detaches,0.0,0.0,1.0,0.0,1.0,0.0,0.0,,0.0,0.0
CLD093_options,0.16,0.421852,0.0,2.681914,0.00732,0.37928,0.764839,,0.043071,0.276929
CLD093_edges,0.12,0.479796,0.0,1.768519,0.076974,0.250106,0.424185,,-0.01299,0.25299
CLD093_notes,0.0,0.0,1.0,0.0,1.0,0.0,0.0,,0.0,0.0
CLD093_partitions,0.12,0.520596,0.0,1.629916,0.103119,0.230505,0.370847,,-0.024299,0.264299
CLD093_numberline,29.0,9.275819,0.071324,22.107047,0.0,3.126409,1.0,,26.428921,31.571079
CLD093_negative_score,-0.120429,0.593765,0.0,-1.434167,0.151525,-0.202822,0.299859,,-0.285009,0.044152
CLD093_raw_score,56.9936,18.637665,0.1622,21.623181,0.0,3.05798,1.0,,51.827598,62.159602
CLD093_percentage_score,72.352,6.845593,0.070297,74.735078,0.0,10.569136,1.0,,70.454533,74.249467
CLD093_functional_complexity,27.25,8.833638,0.226342,21.812824,0.0,3.084799,1.0,,24.801485,29.698515
CLD093_organization_score,0.68,2.161254,0.0,2.224785,0.026096,0.314632,0.604441,,0.080942,1.279058
CLD093_structural_integrity,9.8796,0.59377,0.0,117.653793,0.0,16.638759,1.0,,9.715018,10.044182
CLD093_decisions_activities_ratio,0.18614,0.097486,0.566853,13.50152,0.0,1.909403,1.0,,0.159119,0.213161
CLD093_lines_vs_average,0.62186,0.198867,0.070738,22.111321,0.0,3.127013,1.0,,0.566738,0.676982
DPS001_activities,10.76,4.644769,0.031683,16.380727,0.0,2.316585,1.0,,9.472559,12.047441
DPS001_decisions,1.86,1.324957,1e-06,9.926503,0.0,1.403819,1.0,,1.492747,2.227253
DPS001_forks,0.02,0.141421,0.0,1.0,0.317311,0.141421,0.170075,,-0.019199,0.059199
DPS001_swimlanes,0.0,0.0,1.0,0.0,1.0,0.0,0.0,,0.0,0.0
DPS001_detaches,0.04,0.282843,0.0,1.0,0.317311,0.141421,0.170075,,-0.038399,0.118399
DPS001_options,0.1,0.303046,0.0,2.333333,0.019631,0.329983,0.645572,,0.016002,0.183998
DPS001_edges,0.34,0.519419,0.0,4.628564,4e-06,0.654578,0.996192,,0.196027,0.483973
DPS001_notes,0.0,0.0,1.0,0.0,1.0,0.0,0.0,,0.0,0.0
DPS001_partitions,0.28,0.757008,0.0,2.615427,0.008912,0.369877,0.743917,,0.070172,0.489828
DPS001_numberline,21.28,9.409158,0.009148,15.992114,0.0,2.261627,1.0,,18.671963,23.888037
DPS001_negative_score,0.0,0.0,1.0,0.0,1.0,0.0,0.0,,0.0,0.0
DPS001_raw_score,41.712,18.90731,0.019839,15.599701,0.0,2.206131,1.0,,36.471257,46.952743
DPS001_percentage_score,64.618,10.192908,0.310506,44.827074,0.0,6.339506,1.0,,61.792722,67.443278
DPS001_functional_complexity,19.89,9.015457,0.014549,15.600267,0.0,2.206211,1.0,,17.391089,22.388911
DPS001_organization_score,0.0,0.0,1.0,0.0,1.0,0.0,0.0,,0.0,0.0
DPS001_structural_integrity,10.0,0.0,1.0,0.0,1.0,0.0,0.0,,10.0,10.0
DPS001_decisions_activities_ratio,0.17298,0.081563,0.367076,14.996393,0.0,2.12081,1.0,,0.150372,0.195588
DPS001_lines_vs_average,0.45628,0.20173,0.009141,15.993624,0.0,2.26184,1.0,,0.400364,0.512196
DPS002_activities,10.4,4.393873,0.187593,16.736738,0.0,2.366932,1.0,,9.182103,11.617897
DPS002_decisions,1.84,1.234868,0.000564,10.536162,0.0,1.490038,1.0,,1.497718,2.182282
DPS002_forks,0.0,0.0,1.0,0.0,1.0,0.0,0.0,,0.0,0.0
DPS002_swimlanes,0.0,0.0,1.0,0.0,1.0,0.0,0.0,,0.0,0.0
DPS002_detaches,0.04,0.282843,0.0,1.0,0.317311,0.141421,0.170075,,-0.038399,0.118399
DPS002_options,0.08,0.340468,0.0,1.661494,0.096614,0.234971,0.382819,,-0.014371,0.174371
DPS002_edges,0.42,0.641745,0.0,4.62777,4e-06,0.654465,0.996183,,0.242121,0.597879
DPS002_notes,0.04,0.282843,0.0,1.0,0.317311,0.141421,0.170075,,-0.038399,0.118399
DPS002_partitions,0.16,0.650275,0.0,1.739835,0.081888,0.24605,0.412993,,-0.020244,0.340244
DPS002_numberline,20.74,8.877419,0.025927,16.519885,0.0,2.336265,1.0,,18.27935,23.20065
DPS002_negative_score,-0.00225,0.01591,0.0,-1.0,0.317311,-0.141421,0.170075,,-0.00666,0.00216
DPS002_raw_score,40.3908,17.703991,0.189701,16.1323,0.0,2.281452,1.0,,35.483594,45.298006
DPS002_percentage_score,63.864,10.776936,0.023099,41.903067,0.0,5.925989,1.0,,60.876841,66.851159
DPS002_functional_complexity,19.28,8.519581,0.200258,16.001982,0.0,2.263022,1.0,,16.918536,21.641464
DPS002_organization_score,0.0,0.0,1.0,0.0,1.0,0.0,0.0,,0.0,0.0
DPS002_structural_integrity,9.9978,0.015556,0.0,4544.454545,0.0,642.682925,1.0,,9.993488,10.002112
DPS002_decisions_activities_ratio,0.17304,0.094499,0.292786,12.948034,0.0,1.831129,1.0,,0.146847,0.199233
DPS002_lines_vs_average,0.44462,0.190295,0.025828,16.521379,0.0,2.336476,1.0,,0.391874,0.497366
DPS003_activities,10.04,3.790213,0.062821,18.730747,0.0,2.648928,1.0,,8.989426,11.090574
DPS003_decisions,1.82,1.082137,3.7e-05,11.892527,0.0,1.681857,1.0,,1.520052,2.119948
DPS003_forks,0.04,0.197949,0.0,1.428869,0.153042,0.202073,0.298027,,-0.014868,0.094868
DPS003_swimlanes,0.0,0.0,1.0,0.0,1.0,0.0,0.0,,0.0,0.0
DPS003_detaches,0.02,0.141421,0.0,1.0,0.317311,0.141421,0.170075,,-0.019199,0.059199
DPS003_options,0.16,0.548095,0.0,2.064187,0.039,0.29192,0.541533,,0.008079,0.311921
DPS003_edges,0.3,0.543984,0.0,3.899602,9.6e-05,0.551487,0.973788,,0.149218,0.450782
DPS003_notes,0.02,0.141421,0.0,1.0,0.317311,0.141421,0.170075,,-0.019199,0.059199
DPS003_partitions,0.14,0.534904,0.0,1.850704,0.064212,0.261729,0.456568,,-0.008265,0.288265
DPS003_numberline,20.28,8.21159,0.009391,17.463276,0.0,2.46968,1.0,,18.003905,22.556095
DPS003_negative_score,0.0,0.0,1.0,0.0,1.0,0.0,0.0,,0.0,0.0
DPS003_raw_score,39.25,15.68923,0.069049,17.689804,0.0,2.501716,1.0,,34.901247,43.598753
DPS003_percentage_score,63.896,9.402582,0.154404,48.052007,0.0,6.79558,1.0,,61.289785,66.502215
DPS003_functional_complexity,18.76,7.446572,0.075093,17.814001,0.0,2.51928,1.0,,16.695954,20.824046
DPS003_organization_score,0.0,0.0,1.0,0.0,1.0,0.0,0.0,,0.0,0.0
DPS003_structural_integrity,10.0,0.0,1.0,0.0,1.0,0.0,0.0,,10.0,10.0
DPS003_decisions_activities_ratio,0.1784,0.073403,0.392942,17.185654,0.0,2.430418,1.0,,0.158054,0.198746
DPS003_lines_vs_average,0.4348,0.176062,0.009419,17.462552,0.0,2.469578,1.0,,0.385999,0.483601
DPS051_activities,10.24,4.438054,0.002751,16.315198,0.0,2.307317,1.0,,9.009857,11.470143
DPS051_decisions,1.78,1.148024,1.7e-05,10.963621,0.0,1.55049,1.0,,1.46179,2.09821
DPS051_forks,0.0,0.0,1.0,0.0,1.0,0.0,0.0,,0.0,0.0
DPS051_swimlanes,0.0,0.0,1.0,0.0,1.0,0.0,0.0,,0.0,0.0
DPS051_detaches,0.0,0.0,1.0,0.0,1.0,0.0,0.0,,0.0,0.0
DPS051_options,0.1,0.416497,0.0,1.697749,0.089555,0.240098,0.396705,,-0.015445,0.215445
DPS051_edges,0.36,0.597956,0.0,4.257145,2.1e-05,0.602051,0.989196,,0.194258,0.525742
DPS051_notes,0.0,0.0,1.0,0.0,1.0,0.0,0.0,,0.0,0.0
DPS051_partitions,0.16,0.548095,0.0,2.064187,0.039,0.29192,0.541533,,0.008079,0.311921
DPS051_numberline,20.24,8.775104,0.001224,16.309597,0.0,2.306525,1.0,,17.80771,22.67229
DPS051_negative_score,0.0,0.0,1.0,0.0,1.0,0.0,0.0,,0.0,0.0
DPS051_raw_score,39.624,17.815799,0.003776,15.726715,0.0,2.224093,1.0,,34.685803,44.562197
DPS051_percentage_score,63.61,10.156073,0.091242,44.287849,0.0,6.263248,1.0,,60.794932,66.425068
DPS051_functional_complexity,18.92,8.561518,0.003663,15.626271,0.0,2.209888,1.0,,16.546912,21.293088
DPS051_organization_score,0.0,0.0,1.0,0.0,1.0,0.0,0.0,,0.0,0.0
DPS051_structural_integrity,10.0,0.0,1.0,0.0,1.0,0.0,0.0,,10.0,10.0
DPS051_decisions_activities_ratio,0.16844,0.071856,0.230189,16.575411,0.0,2.344117,1.0,,0.148523,0.188357
DPS051_lines_vs_average,0.43392,0.188093,0.001243,16.312595,0.0,2.306949,1.0,,0.381784,0.486056
DPS052_activities,10.24,4.433454,0.011496,16.332129,0.0,2.309712,1.0,,9.011132,11.468868
DPS052_decisions,1.82,1.189924,0.000428,10.815268,0.0,1.52951,1.0,,1.490176,2.149824
DPS052_forks,0.02,0.141421,0.0,1.0,0.317311,0.141421,0.170075,,-0.019199,0.059199
DPS052_swimlanes,0.0,0.0,1.0,0.0,1.0,0.0,0.0,,0.0,0.0
DPS052_detaches,0.02,0.141421,0.0,1.0,0.317311,0.141421,0.170075,,-0.019199,0.059199
DPS052_options,0.14,0.404566,0.0,2.446943,0.014407,0.34605,0.686869,,0.027862,0.252138
DPS052_edges,0.34,0.592814,0.0,4.055509,5e-05,0.573536,0.981939,,0.175683,0.504317
DPS052_notes,0.04,0.282843,0.0,1.0,0.317311,0.141421,0.170075,,-0.038399,0.118399
DPS052_partitions,0.2,0.728431,0.0,1.941451,0.052204,0.274563,0.492663,,-0.001907,0.401907
DPS052_numberline,20.42,9.372321,0.000917,15.40613,0.0,2.178756,1.0,,17.822173,23.017827
DPS052_negative_score,0.0,0.0,1.0,0.0,1.0,0.0,0.0,,0.0,0.0
DPS052_raw_score,39.931,18.400895,0.008942,15.344623,0.0,2.170057,1.0,,34.830626,45.031374
DPS052_percentage_score,63.618,10.385089,0.302223,43.316642,0.0,6.125898,1.0,,60.739453,66.496547
DPS052_functional_complexity,19.03,8.77055,0.013294,15.342529,0.0,2.169761,1.0,,16.598972,21.461028
DPS052_organization_score,0.0,0.0,1.0,0.0,1.0,0.0,0.0,,0.0,0.0
DPS052_structural_integrity,10.0,0.0,1.0,0.0,1.0,0.0,0.0,,10.0,10.0
DPS052_decisions_activities_ratio,0.17122,0.080123,0.024311,15.110536,0.0,2.136952,1.0,,0.149011,0.193429
DPS052_lines_vs_average,0.43788,0.200936,0.000926,15.409278,0.0,2.179201,1.0,,0.382184,0.493576
DPS053_activities,10.32,4.042832,0.161862,18.050075,0.0,2.552666,1.0,,9.199405,11.440595
DPS053_decisions,1.8,1.069045,7.1e-05,11.905881,0.0,1.683746,1.0,,1.503681,2.096319
DPS053_forks,0.0,0.0,1.0,0.0,1.0,0.0,0.0,,0.0,0.0
DPS053_swimlanes,0.0,0.0,1.0,0.0,1.0,0.0,0.0,,0.0,0.0
DPS053_detaches,0.04,0.197949,0.0,1.428869,0.153042,0.202073,0.298027,,-0.014868,0.094868
DPS053_options,0.06,0.313636,0.0,1.352729,0.176142,0.191305,0.272309,,-0.026934,0.146934
DPS053_edges,0.32,0.512696,0.0,4.413418,1e-05,0.624152,0.992925,,0.177891,0.462109
DPS053_notes,0.0,0.0,1.0,0.0,1.0,0.0,0.0,,0.0,0.0
DPS053_partitions,0.16,0.548095,0.0,2.064187,0.039,0.29192,0.541533,,0.008079,0.311921
DPS053_numberline,20.28,8.101499,0.071275,17.700583,0.0,2.50324,1.0,,18.03442,22.52558
DPS053_negative_score,0.0,0.0,1.0,0.0,1.0,0.0,0.0,,0.0,0.0
DPS053_raw_score,39.798,16.277611,0.109192,17.288432,0.0,2.444953,1.0,,35.286159,44.309841
DPS053_percentage_score,63.902,10.171057,0.012182,44.425606,0.0,6.282729,1.0,,61.082779,66.721221
DPS053_functional_complexity,19.08,7.885895,0.142148,17.108517,0.0,2.41951,1.0,,16.894181,21.265819
DPS053_organization_score,0.0,0.0,1.0,0.0,1.0,0.0,0.0,,0.0,0.0
DPS053_structural_integrity,10.0,0.0,1.0,0.0,1.0,0.0,0.0,,10.0,10.0
DPS053_decisions_activities_ratio,0.16874,0.071572,0.195313,16.670912,0.0,2.357623,1.0,,0.148902,0.188578
DPS053_lines_vs_average,0.43486,0.173586,0.071332,17.714121,0.0,2.505155,1.0,,0.386745,0.482975
DPS091_activities,10.14,3.969321,0.299645,18.0637,0.0,2.554593,1.0,,9.039781,11.240219
DPS091_decisions,1.78,1.093394,0.000161,11.511406,0.0,1.627959,1.0,,1.476932,2.083068
DPS091_forks,0.0,0.0,1.0,0.0,1.0,0.0,0.0,,0.0,0.0
DPS091_swimlanes,0.0,0.0,1.0,0.0,1.0,0.0,0.0,,0.0,0.0
DPS091_detaches,0.0,0.0,1.0,0.0,1.0,0.0,0.0,,0.0,0.0
DPS091_options,0.14,0.452205,0.0,2.189159,0.028585,0.309594,0.590658,,0.014657,0.265343
DPS091_edges,0.34,0.592814,0.0,4.055509,5e-05,0.573536,0.981939,,0.175683,0.504317
DPS091_notes,0.06,0.424264,0.0,1.0,0.317311,0.141421,0.170075,,-0.057598,0.177598
DPS091_partitions,0.1,0.46291,0.0,1.527525,0.12663,0.216025,0.332955,,-0.02831,0.22831
DPS091_numberline,20.2,8.101398,0.020745,17.630978,0.0,2.493397,1.0,,17.954448,22.445552
DPS091_negative_score,0.0,0.0,1.0,0.0,1.0,0.0,0.0,,0.0,0.0
DPS091_raw_score,39.296,15.979767,0.206132,17.388532,0.0,2.45911,1.0,,34.866716,43.725284
DPS091_percentage_score,63.752,9.96224,0.066429,45.250338,0.0,6.399364,1.0,,60.990659,66.513341
DPS091_functional_complexity,18.77,7.699198,0.175231,17.238671,0.0,2.437916,1.0,,16.63593,20.90407
DPS091_organization_score,0.0,0.0,1.0,0.0,1.0,0.0,0.0,,0.0,0.0
DPS091_structural_integrity,10.0,0.0,1.0,0.0,1.0,0.0,0.0,,10.0,10.0
DPS091_decisions_activities_ratio,0.17388,0.082102,0.196572,14.975505,0.0,2.117856,1.0,,0.151123,0.196637
DPS091_lines_vs_average,0.43316,0.173738,0.020667,17.629447,0.0,2.49318,1.0,,0.385003,0.481317
DPS092_activities,10.78,4.446003,0.240015,17.144864,0.0,2.42465,1.0,,9.547654,12.012346
DPS092_decisions,1.9,1.216385,0.000351,11.045049,0.0,1.562006,1.0,,1.562842,2.237158
DPS092_forks,0.06,0.239898,0.0,1.768519,0.076974,0.250106,0.424185,,-0.006495,0.126495
DPS092_swimlanes,0.0,0.0,1.0,0.0,1.0,0.0,0.0,,0.0,0.0
DPS092_detaches,0.0,0.0,1.0,0.0,1.0,0.0,0.0,,0.0,0.0
DPS092_options,0.22,0.581694,0.0,2.674321,0.007488,0.378206,0.762498,,0.058766,0.381234
DPS092_edges,0.42,0.641745,0.0,4.62777,4e-06,0.654465,0.996183,,0.242121,0.597879
DPS092_notes,0.0,0.0,1.0,0.0,1.0,0.0,0.0,,0.0,0.0
DPS092_partitions,0.26,0.777489,0.0,2.364634,0.018048,0.33441,0.657147,,0.044495,0.475505
DPS092_numberline,21.68,9.375261,0.069331,16.351626,0.0,2.312469,1.0,,19.081358,24.278642
DPS092_negative_score,0.0,0.0,1.0,0.0,1.0,0.0,0.0,,0.0,0.0
DPS092_raw_score,42.318,18.088447,0.37184,16.542794,0.0,2.339504,1.0,,37.30423,47.33177
DPS092_percentage_score,64.972,10.929945,0.011749,42.033279,0.0,5.944403,1.0,,61.94243,68.00157
DPS092_functional_complexity,20.06,8.589647,0.347038,16.513556,0.0,2.335369,1.0,,17.679115,22.440885
DPS092_organization_score,0.0,0.0,1.0,0.0,1.0,0.0,0.0,,0.0,0.0
DPS092_structural_integrity,10.0,0.0,1.0,0.0,1.0,0.0,0.0,,10.0,10.0
DPS092_decisions_activities_ratio,0.17036,0.079739,0.033495,15.107067,0.0,2.136462,1.0,,0.148258,0.192462
DPS092_lines_vs_average,0.46482,0.201057,0.069267,16.347458,0.0,2.31188,1.0,,0.409091,0.520549
DPS093_activities,9.98,4.012684,0.026597,17.586547,0.0,2.487113,1.0,,8.867761,11.092239
DPS093_decisions,1.9,1.19949,0.000774,11.200621,0.0,1.584007,1.0,,1.567525,2.232475
DPS093_forks,0.0,0.0,1.0,0.0,1.0,0.0,0.0,,0.0,0.0
DPS093_swimlanes,0.0,0.0,1.0,0.0,1.0,0.0,0.0,,0.0,0.0
DPS093_detaches,0.0,0.0,1.0,0.0,1.0,0.0,0.0,,0.0,0.0
DPS093_options,0.24,0.686904,0.0,2.470588,0.013489,0.349394,0.695198,,0.049603,0.430397
DPS093_edges,0.5,0.735402,0.0,4.80762,2e-06,0.6799,0.997798,,0.296161,0.703839
DPS093_notes,0.06,0.313636,0.0,1.352729,0.176142,0.191305,0.272309,,-0.026934,0.146934
DPS093_partitions,0.16,0.618095,0.0,1.830417,0.067188,0.25886,0.448538,,-0.011324,0.331324
DPS093_numberline,20.74,8.544744,0.026627,17.163059,0.0,2.427223,1.0,,18.371561,23.108439
DPS093_negative_score,-0.00225,0.01591,0.0,-1.0,0.317311,-0.141421,0.170075,,-0.00666,0.00216
DPS093_raw_score,39.7028,16.864492,0.030301,16.646881,0.0,2.354225,1.0,,35.028287,44.377313
DPS093_percentage_score,63.788,10.178281,0.044349,44.314877,0.0,6.26707,1.0,,60.966776,66.609224
DPS093_functional_complexity,18.77,7.954725,0.022528,16.684919,0.0,2.359604,1.0,,16.565103,20.974897
DPS093_organization_score,0.0,0.0,1.0,0.0,1.0,0.0,0.0,,0.0,0.0
DPS093_structural_integrity,9.9978,0.015556,0.0,4544.454545,0.0,642.682925,1.0,,9.993488,10.002112
DPS093_decisions_activities_ratio,0.18622,0.0934,0.343679,14.098157,0.0,1.99378,1.0,,0.160331,0.212109
DPS093_lines_vs_average,0.44476,0.18328,0.026788,17.159141,0.0,2.426669,1.0,,0.393958,0.495562
GBN001_activities,25.52,9.628275,0.001936,18.742055,0.0,2.650527,1.0,,22.851227,28.188773
GBN001_decisions,5.36,3.40324,0.000443,11.136719,0.0,1.57497,1.0,,4.416687,6.303313
GBN001_forks,0.58,0.758355,0.0,5.408048,0.0,0.764813,0.999718,,0.369799,0.790201
GBN001_swimlanes,2.5,6.825074,0.0,2.590107,0.009595,0.366296,0.735702,,0.608221,4.391779
GBN001_detaches,0.0,0.0,1.0,0.0,1.0,0.0,0.0,,0.0,0.0
GBN001_options,0.62,0.945235,0.0,4.638065,4e-06,0.655921,0.996298,,0.357999,0.882001
GBN001_edges,0.36,1.208136,0.0,2.107035,0.035115,0.29798,0.558486,,0.025128,0.694872
GBN001_notes,0.1,0.416497,0.0,1.697749,0.089555,0.240098,0.396705,,-0.015445,0.215445
GBN001_partitions,11.52,10.112106,0.000948,8.055562,0.0,1.139229,1.0,,8.717119,14.322881
GBN001_numberline,78.18,35.059535,0.001745,15.767924,0.0,2.229921,1.0,,68.462171,87.897829
GBN001_negative_score,-0.094218,0.270834,0.0,-2.459887,0.013898,-0.347881,0.69144,,-0.169288,-0.019148
GBN001_raw_score,126.9664,52.725511,0.00036,17.027583,0.0,2.408064,1.0,,112.351902,141.580898
GBN001_percentage_score,84.774,4.743796,0.233101,126.363521,0.0,17.8705,1.0,,83.459111,86.088889
GBN001_functional_complexity,49.87,20.051416,0.000144,17.586496,0.0,2.487106,1.0,,44.312133,55.427867
GBN001_organization_score,5.0,13.650148,0.0,2.590107,0.009595,0.366296,0.735702,,1.216442,8.783558
GBN001_structural_integrity,9.9058,0.270299,0.0,259.137338,0.0,36.647554,1.0,,9.830878,9.980722
GBN001_decisions_activities_ratio,0.21316,0.135562,0.0,11.118662,0.0,1.572416,1.0,,0.175585,0.250735
GBN001_lines_vs_average,1.6763,0.751761,0.001735,15.767296,0.0,2.229832,1.0,,1.467926,1.884674
GBN002_activities,25.38,10.397979,0.257363,17.25948,0.0,2.440859,1.0,,22.49788,28.26212
GBN002_decisions,5.1,3.441938,5.4e-05,10.477366,0.0,1.481723,1.0,,4.145961,6.054039
GBN002_forks,0.6,0.728431,0.0,5.824352,0.0,0.823688,0.999944,,0.398093,0.801907
GBN002_swimlanes,3.52,7.365779,0.0,3.379162,0.000727,0.477886,0.922079,,1.478348,5.561652
GBN002_detaches,0.0,0.0,1.0,0.0,1.0,0.0,0.0,,0.0,0.0
GBN002_options,0.58,0.835195,0.0,4.910492,1e-06,0.694448,0.998414,,0.3485,0.8115
GBN002_edges,0.22,0.615779,0.0,2.526288,0.011527,0.357271,0.714417,,0.049318,0.390682
GBN002_notes,0.12,0.38545,0.0,2.201398,0.027708,0.311325,0.595407,,0.013161,0.226839
GBN002_partitions,8.96,9.007842,0.000105,7.033512,0.0,0.994689,1.0,,6.463199,11.456801
GBN002_numberline,74.22,34.082307,0.001831,15.398448,0.0,2.177669,1.0,,64.77304,83.66696
GBN002_negative_score,-0.066768,0.167171,0.0,-2.824173,0.00474,-0.399398,0.806264,,-0.113105,-0.020431
GBN002_raw_score,123.404,54.324857,0.041638,16.062593,0.0,2.271594,1.0,,108.346194,138.461806
GBN002_percentage_score,83.902,6.433601,0.001265,92.215346,0.0,13.041219,1.0,,82.11873,85.68527
GBN002_functional_complexity,49.17,21.27723,0.031677,16.34068,0.0,2.310921,1.0,,43.272361,55.067639
GBN002_organization_score,7.04,14.731557,0.0,3.379162,0.000727,0.477886,0.922079,,2.956696,11.123304
GBN002_structural_integrity,9.933,0.167834,0.0,418.489533,0.0,59.183357,1.0,,9.88648,9.97952
GBN002_decisions_activities_ratio,0.28732,0.686126,0.0,2.961058,0.003066,0.418757,0.84161,,0.097139,0.477501
GBN002_lines_vs_average,1.59132,0.730803,0.001822,15.39721,0.0,2.177494,1.0,,1.388755,1.793885
GBN003_activities,26.2,11.230425,0.001214,16.496435,0.0,2.332948,1.0,,23.087142,29.312858
GBN003_decisions,5.04,3.244839,0.000108,10.983036,0.0,1.553236,1.0,,4.140593,5.939407
GBN003_forks,0.58,0.784805,0.0,5.225784,0.0,0.739037,0.999454,,0.362467,0.797533
GBN003_swimlanes,2.38,6.417101,0.0,2.622546,0.008728,0.370884,0.746203,,0.601303,4.158697
GBN003_detaches,0.0,0.0,1.0,0.0,1.0,0.0,0.0,,0.0,0.0
GBN003_options,0.58,1.089655,0.0,3.76378,0.000167,0.532279,0.96437,,0.277969,0.882031
GBN003_edges,0.3,0.863075,0.0,2.457864,0.013977,0.347594,0.690728,,0.060772,0.539228
GBN003_notes,0.16,0.584144,0.0,1.9368,0.05277,0.273905,0.490809,,-0.001914,0.321914
GBN003_partitions,12.24,10.387512,0.001066,8.332108,0.0,1.178338,1.0,,9.360781,15.119219
GBN003_numberline,77.76,30.442693,6.1e-05,18.061682,0.0,2.554308,1.0,,69.321871,86.198129
GBN003_negative_score,-0.13202,0.388784,0.0,-2.401139,0.016344,-0.339572,0.670463,,-0.239784,-0.024257
GBN003_raw_score,128.4438,51.167645,0.000164,17.750178,0.0,2.510254,1.0,,114.261113,142.626487
GBN003_percentage_score,85.07,4.471737,0.443187,134.519491,0.0,19.023929,1.0,,83.830521,86.309479
GBN003_functional_complexity,50.25,21.171614,7.4e-05,16.782904,0.0,2.373461,1.0,,44.381636,56.118364
GBN003_organization_score,4.76,12.834202,0.0,2.622546,0.008728,0.370884,0.746203,,1.202606,8.317394
GBN003_structural_integrity,9.868,0.388939,0.0,179.404263,0.0,25.371594,1.0,,9.760194,9.975806
GBN003_decisions_activities_ratio,0.21318,0.170599,0.0,8.83599,0.0,1.249598,1.0,,0.165893,0.260467
GBN003_lines_vs_average,1.66726,0.65274,6.1e-05,18.061258,0.0,2.554248,1.0,,1.486333,1.848187
CLM001_activities,28.44,9.932753,0.000148,20.246266,0.0,2.863254,1.0,,25.686832,31.193168
CLM001_decisions,4.52,1.981959,0.08793,16.126075,0.0,2.280571,1.0,,3.970639,5.069361
CLM001_forks,1.62,0.666701,0.0,17.181818,0.0,2.429876,1.0,,1.435203,1.804797
CLM001_swimlanes,6.16,4.315894,0.000437,10.092412,0.0,1.427283,1.0,,4.963717,7.356283
CLM001_detaches,0.0,0.0,1.0,0.0,1.0,0.0,0.0,,0.0,0.0
CLM001_options,0.16,0.618095,0.0,1.830417,0.067188,0.25886,0.448538,,-0.011324,0.331324
CLM001_edges,1.02,3.060546,0.0,2.356602,0.018443,0.333274,0.654191,,0.171676,1.868324
CLM001_notes,6.78,3.726847,0.001557,12.863914,0.0,1.819232,1.0,,5.74699,7.81301
CLM001_partitions,0.0,0.0,1.0,0.0,1.0,0.0,0.0,,0.0,0.0
CLM001_numberline,78.54,20.567668,0.001579,27.001683,0.0,3.818615,1.0,,72.839038,84.240962
CLM001_negative_score,-0.031139,0.056733,0.0,-3.881117,0.000104,-0.548873,0.972644,,-0.046865,-0.015414
CLM001_raw_score,131.2838,41.424101,8.3e-05,22.410061,0.0,3.169261,1.0,,119.801836,142.765764
CLM001_percentage_score,85.93,3.273097,0.378799,185.63974,0.0,26.253424,1.0,,85.02276,86.83724
CLM001_functional_complexity,54.13,18.60404,0.00063,20.573859,0.0,2.909583,1.0,,48.973318,59.286682
CLM001_organization_score,12.32,8.631787,0.000437,10.092412,0.0,1.427283,1.0,,9.927435,14.712565
CLM001_structural_integrity,9.9688,0.0567,0.0,1243.217302,0.0,175.817477,1.0,,9.953084,9.984516
CLM001_decisions_activities_ratio,0.15952,0.056933,0.003213,19.812508,0.0,2.801912,1.0,,0.143739,0.175301
CLM001_lines_vs_average,1.684,0.441054,0.001569,26.998236,0.0,3.818127,1.0,,1.561748,1.806252
CLM051_activities,28.84,9.666606,0.007909,21.096298,0.0,2.983467,1.0,,26.160603,31.519397
CLM051_decisions,4.56,1.864381,0.026855,17.294781,0.0,2.445851,1.0,,4.043229,5.076771
CLM051_forks,1.72,0.783503,0.0,15.52289,0.0,2.195268,1.0,,1.502828,1.937172
CLM051_swimlanes,5.9,4.367085,0.016551,9.553124,0.0,1.351016,1.0,,4.689528,7.110472
CLM051_detaches,0.08,0.444467,0.0,1.272727,0.203115,0.179991,0.24658,,-0.043198,0.203198
CLM051_options,0.26,0.694292,0.0,2.647991,0.008097,0.374482,0.754284,,0.067556,0.452444
CLM051_edges,0.78,2.418382,0.0,2.280629,0.02257,0.32253,0.625779,,0.109671,1.450329
CLM051_notes,6.7,3.535534,5.9e-05,13.4,0.0,1.895046,1.0,,5.720018,7.679982
CLM051_partitions,0.0,0.0,1.0,0.0,1.0,0.0,0.0,,0.0,0.0
CLM051_numberline,79.12,19.601791,0.003951,28.541417,0.0,4.036366,1.0,,73.686761,84.553239
CLM051_negative_score,-0.042587,0.101972,0.0,-2.953096,0.003146,-0.417631,0.839678,,-0.070851,-0.014322
CLM051_raw_score,132.0694,39.283696,0.005657,23.7725,0.0,3.361939,1.0,,121.180715,142.958085
CLM051_percentage_score,85.908,3.523556,0.137199,172.400082,0.0,24.381053,1.0,,84.931338,86.884662
CLM051_functional_complexity,54.96,17.869379,0.007206,21.748148,0.0,3.075653,1.0,,50.006952,59.913048
CLM051_organization_score,11.8,8.734169,0.016551,9.553124,0.0,1.351016,1.0,,9.379056,14.220944
CLM051_structural_integrity,9.9574,0.102117,0.0,689.500673,0.0,97.51012,1.0,,9.929095,9.985705
CLM051_decisions_activities_ratio,0.15978,0.04442,0.098232,25.434977,0.0,3.597049,1.0,,0.147468,0.172092
CLM051_lines_vs_average,1.6964,0.420244,0.003926,28.543764,0.0,4.036698,1.0,,1.579916,1.812884
CLM091_activities,26.4,8.845615,0.118766,21.103812,0.0,2.98453,1.0,,23.948166,28.851834
CLM091_decisions,4.16,1.569609,0.03514,18.740741,0.0,2.650341,1.0,,3.724934,4.595066
CLM091_forks,1.8,0.832993,0.0,15.279744,0.0,2.160882,1.0,,1.56911,2.03089
CLM091_swimlanes,5.36,3.354923,0.069248,11.297106,0.0,1.597652,1.0,,4.43008,6.28992
CLM091_detaches,0.02,0.141421,0.0,1.0,0.317311,0.141421,0.170075,,-0.019199,0.059199
CLM091_options,0.24,0.715998,0.0,2.370197,0.017779,0.335196,0.65919,,0.041539,0.438461
CLM091_edges,0.72,2.17631,0.0,2.339358,0.019317,0.330835,0.647811,,0.116769,1.323231
CLM091_notes,6.16,2.999047,0.001643,14.523871,0.0,2.053985,1.0,,5.328722,6.991278
CLM091_partitions,0.0,0.0,1.0,0.0,1.0,0.0,0.0,,0.0,0.0
CLM091_numberline,74.34,17.748366,0.098078,29.617554,0.0,4.188555,1.0,,69.420494,79.259506
CLM091_negative_score,-0.230627,1.278223,0.0,-1.275817,0.20202,-0.180428,0.247548,,-0.584926,0.123672
CLM091_raw_score,121.4482,35.303387,0.037209,24.325384,0.0,3.440129,1.0,,111.66278,131.23362
CLM091_percentage_score,84.856,3.768406,0.378232,159.224504,0.0,22.517745,1.0,,83.81147,85.90053
CLM091_functional_complexity,50.62,16.274921,0.168845,21.993191,0.0,3.110307,1.0,,46.108905,55.131095
CLM091_organization_score,10.72,6.709847,0.069248,11.297106,0.0,1.597652,1.0,,8.86016,12.57984
CLM091_structural_integrity,9.7692,1.278572,0.0,54.027992,0.0,7.640712,1.0,,9.414804,10.123596
CLM091_decisions_activities_ratio,0.15906,0.050441,0.042235,22.297958,0.0,3.153407,1.0,,0.145079,0.173041
CLM091_lines_vs_average,1.59392,0.380546,0.098022,29.617221,0.0,4.188507,1.0,,1.48844,1.6994
CLM002_activities,28.96,10.333145,0.000186,19.8176,0.0,2.802632,1.0,,26.095851,31.824149
CLM002_decisions,4.6,2.050386,0.180907,15.863801,0.0,2.24348,1.0,,4.031673,5.168327
CLM002_forks,1.68,0.652781,0.0,18.198143,0.0,2.573606,1.0,,1.499062,1.860938
CLM002_swimlanes,5.88,4.163201,0.000193,9.986997,0.0,1.412375,1.0,,4.726041,7.033959
CLM002_detaches,0.0,0.0,1.0,0.0,1.0,0.0,0.0,,0.0,0.0
CLM002_options,0.26,0.777489,0.0,2.364634,0.018048,0.33441,0.657147,,0.044495,0.475505
CLM002_edges,1.04,3.057009,0.0,2.40559,0.016146,0.340202,0.672073,,0.192656,1.887344
CLM002_notes,6.92,3.968447,0.001169,12.330211,0.0,1.743755,1.0,,5.820023,8.019977
CLM002_partitions,0.0,0.0,1.0,0.0,1.0,0.0,0.0,,0.0,0.0
CLM002_numberline,79.66,20.860675,0.007011,27.002063,0.0,3.818668,1.0,,73.877822,85.442178
CLM002_negative_score,-0.031042,0.057423,0.0,-3.822447,0.000132,-0.540576,0.968732,,-0.046958,-0.015125
CLM002_raw_score,133.076,42.246485,0.000186,22.273792,0.0,3.14999,1.0,,121.366087,144.785913
CLM002_percentage_score,86.064,3.314025,0.373912,183.633029,0.0,25.969632,1.0,,85.145416,86.982584
CLM002_functional_complexity,55.16,19.221172,0.001132,20.292212,0.0,2.869752,1.0,,49.832261,60.487739
CLM002_organization_score,11.76,8.326403,0.000193,9.986997,0.0,1.412375,1.0,,9.452081,14.067919
CLM002_structural_integrity,9.969,0.057294,0.0,1230.337059,0.0,173.995935,1.0,,9.953119,9.984881
CLM002_decisions_activities_ratio,0.16006,0.060188,0.027322,18.804244,0.0,2.659322,1.0,,0.143377,0.176743
CLM002_lines_vs_average,1.70808,0.447313,0.006999,27.001105,0.0,3.818533,1.0,,1.584093,1.832067
CLM052_activities,28.52,10.523521,0.064793,19.16344,0.0,2.71012,1.0,,25.603082,31.436918
CLM052_decisions,4.52,1.929788,0.016269,16.56204,0.0,2.342226,1.0,,3.9851,5.0549
CLM052_forks,1.82,0.747513,2e-06,17.216216,0.0,2.434741,1.0,,1.612804,2.027196
CLM052_swimlanes,6.24,4.226061,0.047059,10.440801,0.0,1.476552,1.0,,5.068617,7.411383
CLM052_detaches,0.0,0.0,1.0,0.0,1.0,0.0,0.0,,0.0,0.0
CLM052_options,0.3,0.677631,0.0,3.130495,0.001745,0.442719,0.879107,,0.112174,0.487826
CLM052_edges,0.7,2.261027,0.0,2.189159,0.028585,0.309594,0.590658,,0.073287,1.326713
CLM052_notes,7.56,4.272169,0.008155,12.512911,0.0,1.769593,1.0,,6.375837,8.744163
CLM052_partitions,0.0,0.0,1.0,0.0,1.0,0.0,0.0,,0.0,0.0
CLM052_numberline,80.4,19.259771,0.081724,29.518204,0.0,4.174504,1.0,,75.061562,85.738438
CLM052_negative_score,-0.064363,0.147494,0.0,-3.085662,0.002031,-0.436378,0.869854,,-0.105246,-0.023481
CLM052_raw_score,132.7236,42.252115,0.095305,22.211849,0.0,3.14123,1.0,,121.012127,144.435073
CLM052_percentage_score,85.842,3.982825,0.097706,152.403037,0.0,21.553044,1.0,,84.738038,86.945962
CLM052_functional_complexity,54.55,19.40604,0.118828,19.876634,0.0,2.810981,1.0,,49.171019,59.928981
CLM052_organization_score,12.48,8.452122,0.047059,10.440801,0.0,1.476552,1.0,,10.137234,14.822766
CLM052_structural_integrity,9.9354,0.147416,0.0,476.569026,0.0,67.397038,1.0,,9.894539,9.976261
CLM052_decisions_activities_ratio,0.1609,0.05684,0.018588,20.016446,0.0,2.830753,1.0,,0.145145,0.176655
CLM052_lines_vs_average,1.72388,0.41298,0.081561,29.516347,0.0,4.174242,1.0,,1.60941,1.83835
CLM092_activities,26.48,7.915987,0.008695,23.653635,0.0,3.345129,1.0,,24.285841,28.674159
CLM092_decisions,4.02,1.834922,0.002228,15.491499,0.0,2.190829,1.0,,3.511395,4.528605
CLM092_forks,1.84,0.584144,0.0,22.273206,0.0,3.149907,1.0,,1.678086,2.001914
CLM092_swimlanes,4.76,3.479151,0.001983,9.674281,0.0,1.36815,1.0,,3.795646,5.724354
CLM092_detaches,0.04,0.282843,0.0,1.0,0.317311,0.141421,0.170075,,-0.038399,0.118399
CLM092_options,0.2,0.451754,0.0,3.130495,0.001745,0.442719,0.879107,,0.074782,0.325218
CLM092_edges,1.32,3.086772,0.0,3.023809,0.002496,0.427631,0.856301,,0.464406,2.175594
CLM092_notes,6.98,3.738875,0.008602,13.200778,0.0,1.866872,1.0,,5.943656,8.016344
CLM092_partitions,0.0,0.0,1.0,0.0,1.0,0.0,0.0,,0.0,0.0
CLM092_numberline,74.96,16.54673,0.152549,32.033352,0.0,4.5302,1.0,,70.373565,79.546435
CLM092_negative_score,-0.054013,0.094984,0.0,-4.021015,5.8e-05,-0.568657,0.980351,,-0.080341,-0.027685
CLM092_raw_score,121.562,31.071931,0.01707,27.663976,0.0,3.912277,1.0,,112.949459,130.174541
CLM092_percentage_score,85.158,3.112128,0.32971,193.487519,0.0,27.363267,1.0,,84.295378,86.020622
CLM092_functional_complexity,50.52,14.575616,0.117034,24.508765,0.0,3.466063,1.0,,46.47992,54.56008
CLM092_organization_score,9.52,6.958301,0.001983,9.674281,0.0,1.36815,1.0,,7.591293,11.448707
CLM092_structural_integrity,9.9462,0.094909,0.0,741.028462,0.0,104.79725,1.0,,9.919893,9.972507
CLM092_decisions_activities_ratio,0.15172,0.064378,0.000373,16.664333,0.0,2.356693,1.0,,0.133876,0.169564
CLM092_lines_vs_average,1.6073,0.35483,0.15265,32.030328,0.0,4.529772,1.0,,1.508948,1.705652
CLM003_activities,28.68,10.284603,0.000342,19.718624,0.0,2.788635,1.0,,25.829306,31.530694
CLM003_decisions,4.5,1.982062,0.100693,16.053887,0.0,2.270362,1.0,,3.95061,5.04939
CLM003_forks,1.68,0.683329,0.0,17.384584,0.0,2.458552,1.0,,1.490594,1.869406
CLM003_swimlanes,5.94,4.196257,7e-05,10.009431,0.0,1.415547,1.0,,4.776878,7.103122
CLM003_detaches,0.0,0.0,1.0,0.0,1.0,0.0,0.0,,0.0,0.0
CLM003_options,0.22,0.678835,0.0,2.291626,0.021927,0.324085,0.629938,,0.03184,0.40816
CLM003_edges,1.02,3.060546,0.0,2.356602,0.018443,0.333274,0.654191,,0.171676,1.868324
CLM003_notes,6.84,3.882772,0.00059,12.456591,0.0,1.761628,1.0,,5.76377,7.91623
CLM003_partitions,0.0,0.0,1.0,0.0,1.0,0.0,0.0,,0.0,0.0
CLM003_numberline,78.58,20.290834,0.028309,27.384015,0.0,3.872685,1.0,,72.955771,84.204229
CLM003_negative_score,-0.032625,0.059807,0.0,-3.8573,0.000115,-0.545505,0.971108,,-0.049202,-0.016048
CLM003_raw_score,131.7722,42.031729,0.000265,22.168257,0.0,3.135065,1.0,,120.121813,143.422587
CLM003_percentage_score,85.932,3.381187,0.591307,179.709382,0.0,25.414745,1.0,,84.9948,86.8692
CLM003_functional_complexity,54.54,19.105999,0.001584,20.185076,0.0,2.854601,1.0,,49.244185,59.835815
CLM003_organization_score,11.88,8.392514,7e-05,10.009431,0.0,1.415547,1.0,,9.553757,14.206243
CLM003_structural_integrity,9.9672,0.059763,0.0,1179.308053,0.0,166.779344,1.0,,9.950635,9.983765
CLM003_decisions_activities_ratio,0.15856,0.057856,0.049631,19.378843,0.0,2.740582,1.0,,0.142523,0.174597
CLM003_lines_vs_average,1.68488,0.435032,0.02821,27.386286,0.0,3.873006,1.0,,1.564298,1.805462
CLM053_activities,27.12,8.508435,0.189751,22.538499,0.0,3.187425,1.0,,24.761625,29.478375
CLM053_decisions,4.6,1.795686,0.001196,18.113915,0.0,2.561694,1.0,,4.10227,5.09773
CLM053_forks,1.68,0.586933,0.0,20.239795,0.0,2.862339,1.0,,1.517314,1.842686
CLM053_swimlanes,5.4,4.055734,0.013285,9.414761,0.0,1.331448,1.0,,4.275829,6.524171
CLM053_detaches,0.0,0.0,1.0,0.0,1.0,0.0,0.0,,0.0,0.0
CLM053_options,0.36,0.984782,0.0,2.584921,0.00974,0.365563,0.734003,,0.087037,0.632963
CLM053_edges,0.4,1.160577,0.0,2.437087,0.014806,0.344656,0.683368,,0.07831,0.72169
CLM053_notes,6.7,3.564279,7.7e-05,13.291934,0.0,1.879763,1.0,,5.712051,7.687949
CLM053_partitions,0.0,0.0,1.0,0.0,1.0,0.0,0.0,,0.0,0.0
CLM053_numberline,78.98,18.324167,0.441598,30.477398,0.0,4.310155,1.0,,73.900893,84.059107
CLM053_negative_score,-0.076292,0.167841,0.0,-3.214156,0.001308,-0.45455,0.895114,,-0.122815,-0.02977
CLM053_raw_score,125.6728,34.867488,0.115899,25.486232,0.0,3.604297,1.0,,116.008203,135.337397
CLM053_percentage_score,85.43,3.539587,0.066889,170.664371,0.0,24.135587,1.0,,84.448895,86.411105
CLM053_functional_complexity,52.4,15.659319,0.193228,23.661562,0.0,3.34625,1.0,,48.059538,56.740462
CLM053_organization_score,10.8,8.111468,0.013285,9.414761,0.0,1.331448,1.0,,8.551657,13.048343
CLM053_structural_integrity,9.9238,0.168182,0.0,417.23706,0.0,59.006231,1.0,,9.877183,9.970417
CLM053_decisions_activities_ratio,0.1727,0.05177,0.167999,23.588259,0.0,3.335884,1.0,,0.15835,0.18705
CLM053_lines_vs_average,1.69348,0.392961,0.442648,30.473022,0.0,4.309536,1.0,,1.584559,1.802401
CLM093_activities,27.16,7.70465,0.004889,24.926531,0.0,3.525144,1.0,,25.024419,29.295581
CLM093_decisions,4.32,1.931902,0.079152,15.811886,0.0,2.236138,1.0,,3.784514,4.855486
CLM093_forks,1.84,0.791795,3.6e-05,16.431994,0.0,2.323835,1.0,,1.62053,2.05947
CLM093_swimlanes,5.76,4.08861,0.003541,9.961661,0.0,1.408792,1.0,,4.626716,6.893284
CLM093_detaches,0.0,0.0,1.0,0.0,1.0,0.0,0.0,,0.0,0.0
CLM093_options,0.28,0.70102,0.0,2.824313,0.004738,0.399418,0.806303,,0.085691,0.474309
CLM093_edges,1.04,2.656989,0.0,2.767761,0.005644,0.39142,0.790397,,0.303534,1.776466
CLM093_notes,6.36,3.249867,0.032218,13.838104,0.0,1.957003,1.0,,5.4592,7.2608
CLM093_partitions,0.0,0.0,1.0,0.0,1.0,0.0,0.0,,0.0,0.0
CLM093_numberline,76.88,17.130519,0.139043,31.734221,0.0,4.487897,1.0,,72.13175,81.62825
CLM093_negative_score,-0.159854,0.609591,0.0,-1.854261,0.063702,-0.262232,0.457977,,-0.328821,0.009113
CLM093_raw_score,126.0998,34.001019,0.006056,26.224516,0.0,3.708707,1.0,,116.675372,135.524228
CLM093_percentage_score,85.52,3.181708,0.072923,190.060726,0.0,26.878646,1.0,,84.638092,86.401908
CLM093_functional_complexity,52.14,15.295738,0.043766,24.103805,0.0,3.408793,1.0,,47.900316,56.379684
CLM093_organization_score,11.52,8.177221,0.003541,9.961661,0.0,1.408792,1.0,,9.253432,13.786568
CLM093_structural_integrity,9.8398,0.609943,0.0,114.072762,0.0,16.132325,1.0,,9.670736,10.008864
CLM093_decisions_activities_ratio,0.15498,0.05205,0.007182,21.054411,0.0,2.977543,1.0,,0.140553,0.169407
CLM093_lines_vs_average,1.64842,0.367301,0.137899,31.734452,0.0,4.487929,1.0,,1.546611,1.750229
DPM001_activities,10.58,9.858364,3.2e-05,7.588672,0.0,1.0732,1.0,,7.847451,13.312549
DPM001_decisions,1.44,1.402039,4.1e-05,7.262519,0.0,1.027075,1.0,,1.051382,1.828618
DPM001_forks,1.16,0.584144,0.0,14.041804,0.0,1.985811,1.0,,0.998086,1.321914
DPM001_swimlanes,3.28,5.014428,0.0,4.625274,4e-06,0.654112,0.996154,,1.890097,4.669903
DPM001_detaches,0.1,0.303046,0.0,2.333333,0.019631,0.329983,0.645572,,0.016002,0.183998
DPM001_options,0.08,0.274048,0.0,2.064187,0.039,0.29192,0.541533,,0.004039,0.155961
DPM001_edges,9.12,12.201773,0.0,5.285145,0.0,0.747432,0.999558,,5.737903,12.502097
DPM001_notes,1.76,1.572208,0.0,7.915672,0.0,1.119445,1.0,,1.324214,2.195786
DPM001_partitions,0.54,0.994064,0.0,3.841178,0.000122,0.543225,0.970029,,0.264465,0.815535
DPM001_numberline,45.48,14.958773,0.620839,21.498565,0.0,3.040356,1.0,,41.333716,49.626284
DPM001_negative_score,-7.926723,9.91607,0.0,-5.652481,0.0,-0.799381,0.999889,,-10.675267,-5.178179
DPM001_raw_score,54.9796,37.793054,0.009417,10.286665,0.0,1.454754,1.0,,44.504092,65.455108
DPM001_percentage_score,58.978,25.053113,3.4e-05,16.646132,0.0,2.354119,1.0,,52.033759,65.922241
DPM001_functional_complexity,20.49,17.582021,0.000283,8.240588,0.0,1.165395,1.0,,15.616602,25.363398
DPM001_organization_score,6.56,10.028856,0.0,4.625274,4e-06,0.654112,0.996154,,3.780194,9.339806
DPM001_structural_integrity,5.9944,4.944139,0.0,8.573143,0.0,1.212425,1.0,,4.62398,7.36482
DPM001_decisions_activities_ratio,0.2127,0.519983,0.0,2.892434,0.003823,0.409052,0.824454,,0.068571,0.356829
DPM001_lines_vs_average,0.97514,0.320782,0.620887,21.495227,0.0,3.039884,1.0,,0.886225,1.064055
DPM051_activities,10.0,8.216459,9e-06,8.605979,0.0,1.217069,1.0,,7.722556,12.277444
DPM051_decisions,1.54,1.215713,0.000179,8.957246,0.0,1.266746,1.0,,1.203028,1.876972
DPM051_forks,1.12,0.627271,0.0,12.62547,0.0,1.785511,1.0,,0.946132,1.293868
DPM051_swimlanes,2.32,4.107932,0.0,3.993464,6.5e-05,0.564761,0.978999,,1.18136,3.45864
DPM051_detaches,0.06,0.239898,0.0,1.768519,0.076974,0.250106,0.424185,,-0.006495,0.126495
DPM051_options,0.02,0.141421,0.0,1.0,0.317311,0.141421,0.170075,,-0.019199,0.059199
DPM051_edges,9.06,11.915365,0.0,5.376577,0.0,0.760363,0.999683,,5.75729,12.36271
DPM051_notes,1.68,1.114652,1.8e-05,10.657492,0.0,1.507197,1.0,,1.37104,1.98896
DPM051_partitions,0.88,1.206107,0.0,5.159194,0.0,0.72962,0.999311,,0.54569,1.21431
DPM051_numberline,43.64,11.738233,0.337798,26.288573,0.0,3.717766,1.0,,40.386387,46.893613
DPM051_negative_score,-8.526111,10.274384,0.0,-5.867866,0.0,-0.829842,0.999953,,-11.373973,-5.67825
DPM051_raw_score,51.2818,30.488653,0.136692,11.893509,0.0,1.681996,1.0,,42.830932,59.732668
DPM051_percentage_score,58.584,24.30513,1.9e-05,17.043786,0.0,2.410355,1.0,,51.847086,65.320914
DPM051_functional_complexity,19.76,14.599846,3.6e-05,9.570258,0.0,1.353439,1.0,,15.713203,23.806797
DPM051_organization_score,4.64,8.215863,0.0,3.993464,6.5e-05,0.564761,0.978999,,2.362721,6.917279
DPM051_structural_integrity,5.7166,4.94139,0.0,8.180384,0.0,1.156881,1.0,,4.346942,7.086258
DPM051_decisions_activities_ratio,0.2395,0.431944,0.0,3.920699,8.8e-05,0.554471,0.975045,,0.119774,0.359226
DPM051_lines_vs_average,0.93574,0.251662,0.338316,26.291913,0.0,3.718238,1.0,,0.865984,1.005496
DPM091_activities,10.62,9.612683,6.6e-05,7.812048,0.0,1.10479,1.0,,7.955549,13.284451
DPM091_decisions,1.44,1.180799,0.000149,8.623262,0.0,1.219513,1.0,,1.112705,1.767295
DPM091_forks,1.12,0.593846,0.0,13.336111,0.0,1.886011,1.0,,0.955397,1.284603
DPM091_swimlanes,3.52,4.887468,0.0,5.092649,0.0,0.720209,0.999134,,2.165288,4.874712
DPM091_detaches,0.14,0.452205,0.0,2.189159,0.028585,0.309594,0.590658,,0.014657,0.265343
DPM091_options,0.22,0.615779,0.0,2.526288,0.011527,0.357271,0.714417,,0.049318,0.390682
DPM091_edges,8.56,11.286908,0.0,5.362704,0.0,0.758401,0.999666,,5.431486,11.688514
DPM091_notes,1.76,1.464686,0.0,8.496754,0.0,1.201622,1.0,,1.354017,2.165983
DPM091_partitions,0.62,1.027976,0.0,4.264751,2e-05,0.603127,0.989411,,0.335065,0.904935
DPM091_numberline,45.04,13.998484,0.172483,22.751099,0.0,3.217491,1.0,,41.15989,48.92011
DPM091_negative_score,-7.988979,9.815706,0.0,-5.755125,0.0,-0.813898,0.999926,,-10.709704,-5.268254
DPM091_raw_score,54.903,37.731257,0.020415,10.289157,0.0,1.455107,1.0,,44.444621,65.361379
DPM091_percentage_score,58.478,26.089409,1e-05,15.849416,0.0,2.241446,1.0,,51.246518,65.709482
DPM091_functional_complexity,20.49,16.620153,0.00086,8.7175,0.0,1.232841,1.0,,15.883213,25.096787
DPM091_organization_score,7.04,9.774937,0.0,5.092649,0.0,0.720209,0.999134,,4.330576,9.749424
DPM091_structural_integrity,5.8696,4.876328,0.0,8.511391,0.0,1.203692,1.0,,4.517976,7.221224
DPM091_decisions_activities_ratio,0.24046,0.530088,0.0,3.207597,0.001338,0.453623,0.893917,,0.09353,0.38739
DPM091_lines_vs_average,0.96576,0.300086,0.173612,22.756672,0.0,3.218279,1.0,,0.882582,1.048938
DPM002_activities,9.82,8.851819,5.3e-05,7.844477,0.0,1.109377,1.0,,7.366446,12.273554
DPM002_decisions,1.62,1.2599,7.5e-05,9.092098,0.0,1.285817,1.0,,1.27078,1.96922
DPM002_forks,1.04,0.532993,0.0,13.797384,0.0,1.951245,1.0,,0.892265,1.187735
DPM002_swimlanes,2.52,3.94472,0.0,4.5172,6e-06,0.638829,0.994725,,1.426599,3.613401
DPM002_detaches,0.0,0.0,1.0,0.0,1.0,0.0,0.0,,0.0,0.0
DPM002_options,0.1,0.303046,0.0,2.333333,0.019631,0.329983,0.645572,,0.016002,0.183998
DPM002_edges,9.06,10.929104,0.0,5.861768,0.0,0.828979,0.999952,,6.030663,12.089337
DPM002_notes,1.46,1.034309,7.9e-05,9.981306,0.0,1.41157,1.0,,1.173309,1.746691
DPM002_partitions,0.78,1.148024,0.0,4.804283,2e-06,0.679428,0.997775,,0.46179,1.09821
DPM002_numberline,43.28,12.501494,0.033125,24.47994,0.0,3.461986,1.0,,39.814826,46.745174
DPM002_negative_score,-9.061692,10.121244,0.0,-6.330827,0.0,-0.895314,0.999994,,-11.867106,-6.256278
DPM002_raw_score,50.5126,33.142204,0.009505,10.777135,0.0,1.524117,1.0,,41.326219,59.698981
DPM002_percentage_score,57.262,24.473125,1.5e-05,16.544822,0.0,2.339791,1.0,,50.478521,64.045479
DPM002_functional_complexity,19.53,15.428376,0.001164,8.950907,0.0,1.265849,1.0,,15.253551,23.806449
DPM002_organization_score,5.04,7.88944,0.0,4.5172,6e-06,0.638829,0.994725,,2.853199,7.226801
DPM002_structural_integrity,5.4158,4.899818,0.0,7.815697,0.0,1.105306,1.0,,4.057665,6.773935
DPM002_decisions_activities_ratio,0.3181,0.742123,0.0,3.030907,0.002438,0.428635,0.857903,,0.112398,0.523802
DPM002_lines_vs_average,0.92796,0.268087,0.032961,24.47593,0.0,3.461419,1.0,,0.853652,1.002268
DPM052_activities,9.6,9.343775,1e-05,7.264971,0.0,1.027422,1.0,,7.010085,12.189915
DPM052_decisions,1.44,1.280306,5.3e-05,7.953049,0.0,1.124731,1.0,,1.085124,1.794876
DPM052_forks,0.92,0.528378,0.0,12.311978,0.0,1.741177,1.0,,0.773544,1.066456
DPM052_swimlanes,2.44,4.180421,0.0,4.127193,3.7e-05,0.583673,0.984891,,1.281268,3.598732
DPM052_detaches,0.1,0.303046,0.0,2.333333,0.019631,0.329983,0.645572,,0.016002,0.183998
DPM052_options,0.1,0.303046,0.0,2.333333,0.019631,0.329983,0.645572,,0.016002,0.183998
DPM052_edges,10.38,12.540367,0.0,5.852913,0.0,0.827727,0.99995,,6.904051,13.855949
DPM052_notes,1.8,1.087968,0.000476,11.698806,0.0,1.654461,1.0,,1.498436,2.101564
DPM052_partitions,0.72,1.088718,0.0,4.676299,3e-06,0.661328,0.9967,,0.418228,1.021772
DPM052_numberline,44.92,12.302049,0.486208,25.819469,0.0,3.651424,1.0,,41.510109,48.329891
DPM052_negative_score,-8.252878,10.365748,0.0,-5.629759,0.0,-0.796168,0.999879,,-11.126064,-5.379692
DPM052_raw_score,51.119,34.772221,0.003301,10.39525,0.0,1.47011,1.0,,41.480809,60.757191
DPM052_percentage_score,57.72,24.703697,2e-05,16.521496,0.0,2.336492,1.0,,50.87261,64.56739
DPM052_functional_complexity,18.66,16.448572,6.3e-05,8.021738,0.0,1.134445,1.0,,14.100772,23.219228
DPM052_organization_score,4.88,8.360842,0.0,4.127193,3.7e-05,0.583673,0.984891,,2.562536,7.197464
DPM052_structural_integrity,5.988,4.938974,0.0,8.572945,0.0,1.212398,1.0,,4.619011,7.356989
DPM052_decisions_activities_ratio,0.2475,0.635665,0.0,2.753163,0.005902,0.389356,0.78617,,0.071306,0.423694
DPM052_lines_vs_average,0.96322,0.263792,0.484247,25.819555,0.0,3.651437,1.0,,0.890102,1.036338
DPM092_activities,9.72,8.315317,0.000161,8.265564,0.0,1.168927,1.0,,7.415154,12.024846
DPM092_decisions,1.58,1.246874,0.000226,8.96024,0.0,1.267169,1.0,,1.234391,1.925609
DPM092_forks,1.14,0.495284,0.0,16.275549,0.0,2.30171,1.0,,1.002717,1.277283
DPM092_swimlanes,2.24,5.000245,0.0,3.167683,0.001537,0.447978,0.886423,,0.854028,3.625972
DPM092_detaches,0.14,0.452205,0.0,2.189159,0.028585,0.309594,0.590658,,0.014657,0.265343
DPM092_options,0.06,0.239898,0.0,1.768519,0.076974,0.250106,0.424185,,-0.006495,0.126495
DPM092_edges,9.38,12.177078,0.0,5.446842,0.0,0.7703,0.999756,,6.004748,12.755252
DPM092_notes,1.86,1.355412,9.3e-05,9.703457,0.0,1.372276,1.0,,1.484306,2.235694
DPM092_partitions,0.96,1.177337,0.0,5.765745,0.0,0.815399,0.999929,,0.633665,1.286335
DPM092_numberline,44.12,14.278055,0.388157,21.850001,0.0,3.090057,1.0,,40.162398,48.077602
DPM092_negative_score,-8.658424,10.327814,0.0,-5.928099,0.0,-0.83836,0.999964,,-11.521095,-5.795752
DPM092_raw_score,50.9616,32.004976,0.061115,11.259278,0.0,1.592302,1.0,,42.090436,59.832764
DPM092_percentage_score,58.332,23.269665,4.4e-05,17.725632,0.0,2.506783,1.0,,51.882096,64.781904
DPM092_functional_complexity,19.45,14.420878,0.004613,9.537024,0.0,1.348739,1.0,,15.45281,23.44719
DPM092_organization_score,4.48,10.00049,0.0,3.167683,0.001537,0.447978,0.886423,,1.708057,7.251943
DPM092_structural_integrity,5.6604,4.900405,0.0,8.167707,0.0,1.155088,1.0,,4.302102,7.018698
DPM092_decisions_activities_ratio,0.3364,0.596814,0.0,3.985677,6.7e-05,0.56366,0.978603,,0.170975,0.501825
DPM092_lines_vs_average,0.94602,0.306167,0.387946,21.848768,0.0,3.089882,1.0,,0.861156,1.030884
DPM003_activities,11.48,9.035621,0.000301,8.983982,0.0,1.270527,1.0,,8.9755,13.9845
DPM003_decisions,1.82,1.223745,0.003742,10.516363,0.0,1.487238,1.0,,1.480802,2.159198
DPM003_forks,1.14,0.571786,0.0,14.097972,0.0,1.993754,1.0,,0.981512,1.298488
DPM003_swimlanes,2.78,4.306094,0.0,4.565057,5e-06,0.645597,0.995408,,1.586433,3.973567
DPM003_detaches,0.12,0.38545,0.0,2.201398,0.027708,0.311325,0.595407,,0.013161,0.226839
DPM003_options,0.18,0.522553,0.0,2.435721,0.014862,0.344463,0.682882,,0.035158,0.324842
DPM003_edges,6.56,10.107908,0.0,4.589101,4e-06,0.648997,0.99572,,3.758282,9.361718
DPM003_notes,1.52,1.147135,2e-05,9.36945,0.0,1.32504,1.0,,1.202036,1.837964
DPM003_partitions,0.72,1.125584,0.0,4.523136,6e-06,0.639668,0.994814,,0.40801,1.03199
DPM003_numberline,44.32,12.854666,0.839933,24.379452,0.0,3.447775,1.0,,40.756934,47.883066
DPM003_negative_score,-5.728622,9.320733,0.0,-4.345954,1.4e-05,-0.614611,0.991483,,-8.31215,-3.145094
DPM003_raw_score,57.3552,31.881323,0.140917,12.721006,0.0,1.799022,1.0,,48.51831,66.19209
DPM003_percentage_score,64.036,21.116584,2e-06,21.443,0.0,3.032498,1.0,,58.182889,69.889111
DPM003_functional_complexity,22.57,15.507408,0.005621,10.291469,0.0,1.455433,1.0,,18.271645,26.868355
DPM003_organization_score,5.56,8.612189,0.0,4.565057,5e-06,0.645597,0.995408,,3.172867,7.947133
DPM003_structural_integrity,7.0702,4.492387,0.0,11.128576,0.0,1.573818,1.0,,5.824997,8.315403
DPM003_decisions_activities_ratio,0.37268,0.804923,0.0,3.273909,0.001061,0.463001,0.905568,,0.149571,0.595789
DPM003_lines_vs_average,0.9503,0.275609,0.839594,24.381037,0.0,3.447999,1.0,,0.873906,1.026694
DPM053_activities,12.24,8.392319,0.004001,10.312986,0.0,1.458476,1.0,,9.913811,14.566189
DPM053_decisions,1.88,1.379737,0.000175,9.634887,0.0,1.362579,1.0,,1.497564,2.262436
DPM053_forks,1.24,0.624663,0.0,14.036563,0.0,1.98507,1.0,,1.066855,1.413145
DPM053_swimlanes,2.94,4.803952,0.0,4.327466,1.5e-05,0.611996,0.991046,,1.608437,4.271563
DPM053_detaches,0.14,0.404566,0.0,2.446943,0.014407,0.34605,0.686869,,0.027862,0.252138
DPM053_options,0.12,0.328261,0.0,2.584921,0.00974,0.365563,0.734003,,0.029012,0.210988
DPM053_edges,6.32,11.386422,0.0,3.924775,8.7e-05,0.555047,0.975282,,3.163903,9.476097
DPM053_notes,1.8,2.10926,0.0,6.034306,0.0,0.85338,0.999977,,1.215354,2.384646
DPM053_partitions,0.7,1.111168,0.0,4.454545,8e-06,0.629968,0.993695,,0.392006,1.007994
DPM053_numberline,46.02,16.241155,0.018523,20.03617,0.0,2.833542,1.0,,41.518264,50.521736
DPM053_negative_score,-6.370579,9.919107,0.0,-4.541417,6e-06,-0.642253,0.995081,,-9.119965,-3.621194
DPM053_raw_score,59.7546,33.618819,0.22625,12.568224,0.0,1.777415,1.0,,50.43611,69.07309
DPM053_percentage_score,64.222,22.352923,1e-06,20.315827,0.0,2.873092,1.0,,58.0262,70.4178
DPM053_functional_complexity,23.98,14.603941,0.041703,11.610852,0.0,1.642022,1.0,,19.932068,28.027932
DPM053_organization_score,5.88,9.607905,0.0,4.327466,1.5e-05,0.611996,0.991046,,3.216874,8.543126
DPM053_structural_integrity,6.85,4.620316,0.0,10.483442,0.0,1.482583,1.0,,5.569337,8.130663
DPM053_decisions_activities_ratio,0.29646,0.986862,0.0,2.124196,0.033654,0.300407,0.565248,,0.022921,0.569999
DPM053_lines_vs_average,0.98676,0.348238,0.018468,20.036449,0.0,2.833582,1.0,,0.890235,1.083285
DPM093_activities,9.94,8.970268,1.8e-05,7.835486,0.0,1.108105,1.0,,7.453614,12.426386
DPM093_decisions,1.66,1.287459,0.000284,9.117161,0.0,1.289361,1.0,,1.303141,2.016859
DPM093_forks,1.22,0.648074,1e-06,13.311291,0.0,1.882501,1.0,,1.040366,1.399634
DPM093_swimlanes,2.08,3.463159,0.0,4.246938,2.2e-05,0.600608,0.988901,,1.120079,3.039921
DPM093_detaches,0.06,0.239898,0.0,1.768519,0.076974,0.250106,0.424185,,-0.006495,0.126495
DPM093_options,0.1,0.303046,0.0,2.333333,0.019631,0.329983,0.645572,,0.016002,0.183998
DPM093_edges,9.38,12.225584,0.0,5.425231,0.0,0.767244,0.999735,,5.991303,12.768697
DPM093_notes,1.8,1.370238,0.000602,9.288843,0.0,1.313641,1.0,,1.420197,2.179803
DPM093_partitions,0.78,1.130107,0.0,4.88045,1e-06,0.6902,0.998253,,0.466756,1.093244
DPM093_numberline,45.16,13.297783,0.428809,24.013735,0.0,3.396055,1.0,,41.47411,48.84589
DPM093_negative_score,-7.92618,10.257111,0.0,-5.464166,0.0,-0.77275,0.999771,,-10.769254,-5.083106
DPM093_raw_score,52.4878,32.490774,0.062756,11.423082,0.0,1.615468,1.0,,43.481982,61.493618
DPM093_percentage_score,58.612,25.739834,7e-06,16.10148,0.0,2.277093,1.0,,51.477413,65.746587
DPM093_functional_complexity,20.06,15.319602,0.000723,9.259093,0.0,1.309433,1.0,,15.813701,24.306299
DPM093_organization_score,4.16,6.926318,0.0,4.246938,2.2e-05,0.600608,0.988901,,2.240158,6.079842
DPM093_structural_integrity,6.1526,4.767974,0.0,9.124515,0.0,1.290401,1.0,,4.831009,7.474191
DPM093_decisions_activities_ratio,0.48564,1.115738,0.0,3.077778,0.002086,0.435264,0.868177,,0.176379,0.794901
DPM093_lines_vs_average,0.9683,0.285178,0.429902,24.009248,0.0,3.39542,1.0,,0.889254,1.047346
GPM001_activities,16.04,4.256855,0.063581,26.644065,0.0,3.76804,1.0,,14.860082,17.219918
GPM001_decisions,2.42,1.27919,0.001475,13.377205,0.0,1.891822,1.0,,2.065433,2.774567
GPM001_forks,1.04,0.197949,0.0,37.150594,0.0,5.253887,1.0,,0.985132,1.094868
GPM001_swimlanes,3.88,2.487848,2e-06,11.027902,0.0,1.559581,1.0,,3.190416,4.569584
GPM001_detaches,0.0,0.0,1.0,0.0,1.0,0.0,0.0,,0.0,0.0
GPM001_options,0.38,0.696639,0.0,3.857098,0.000115,0.545476,0.971095,,0.186905,0.573095
GPM001_edges,0.86,1.399854,0.0,4.344108,1.4e-05,0.61435,0.991441,,0.471987,1.248013
GPM001_notes,4.08,2.354674,0.00187,12.252208,0.0,1.732724,1.0,,3.42733,4.73267
GPM001_partitions,0.08,0.340468,0.0,1.661494,0.096614,0.234971,0.382819,,-0.014371,0.174371
GPM001_numberline,38.98,10.156912,0.000638,27.137208,0.0,3.837781,1.0,,36.164699,41.795301
GPM001_negative_score,-0.004154,0.029372,0.0,-1.0,0.317311,-0.141421,0.170075,,-0.012295,0.003988
GPM001_raw_score,75.4208,19.62752,0.003904,27.171318,0.0,3.842605,1.0,,69.980429,80.861171
GPM001_percentage_score,78.236,4.128634,0.694192,133.99398,0.0,18.94961,1.0,,77.091622,79.380378
GPM001_functional_complexity,30.46,8.287463,0.008041,25.989224,0.0,3.675431,1.0,,28.162875,32.757125
GPM001_organization_score,7.76,4.975696,2e-06,11.027902,0.0,1.559581,1.0,,6.380833,9.139167
GPM001_structural_integrity,9.9958,0.029698,0.0,2379.952381,0.0,336.576093,1.0,,9.987568,10.004032
GPM001_decisions_activities_ratio,0.14964,0.064221,0.92385,16.476268,0.0,2.330096,1.0,,0.131839,0.167441
GPM001_lines_vs_average,0.8358,0.217746,0.00065,27.141666,0.0,3.838411,1.0,,0.775445,0.896155
GPM051_activities,15.76,5.332075,0.00844,20.899938,0.0,2.955698,1.0,,14.282051,17.237949
GPM051_decisions,2.44,1.180799,0.000101,14.611639,0.0,2.066398,1.0,,2.112705,2.767295
GPM051_forks,1.12,0.38545,0.0,20.546383,0.0,2.905697,1.0,,1.013161,1.226839
GPM051_swimlanes,3.7,2.468165,0.000184,10.600164,0.0,1.49909,1.0,,3.015872,4.384128
GPM051_detaches,0.0,0.0,1.0,0.0,1.0,0.0,0.0,,0.0,0.0
GPM051_options,0.36,0.827092,0.0,3.077751,0.002086,0.43526,0.868171,,0.130746,0.589254
GPM051_edges,2.0,7.378955,0.0,1.91655,0.055295,0.271041,0.482739,,-0.045304,4.045304
GPM051_notes,4.18,3.261964,2e-05,9.061125,0.0,1.281437,1.0,,3.275846,5.084154
GPM051_partitions,0.16,0.548095,0.0,2.064187,0.039,0.29192,0.541533,,0.008079,0.311921
GPM051_numberline,41.1,10.83315,0.000463,26.826997,0.0,3.79391,1.0,,38.097259,44.102741
GPM051_negative_score,-1.022179,4.052625,0.0,-1.78351,0.074503,-0.252226,0.430059,,-2.145489,0.101131
GPM051_raw_score,75.1768,21.269229,0.001417,24.992925,0.0,3.534533,1.0,,69.281379,81.072221
GPM051_percentage_score,77.24,6.298299,1.6e-05,86.716948,0.0,12.263628,1.0,,75.494233,78.985767
GPM051_functional_complexity,30.2,9.913915,0.001167,21.540052,0.0,3.046223,1.0,,27.452053,32.947947
GPM051_organization_score,7.4,4.936329,0.000184,10.600164,0.0,1.49909,1.0,,6.031744,8.768256
GPM051_structural_integrity,9.2978,2.28729,0.0,28.743787,0.0,4.064985,1.0,,8.663807,9.931793
GPM051_decisions_activities_ratio,0.15616,0.07144,0.061241,15.456618,0.0,2.185896,1.0,,0.136358,0.175962
GPM051_lines_vs_average,0.88124,0.232259,0.000459,26.829097,0.0,3.794207,1.0,,0.816862,0.945618
GPM091_activities,14.62,5.982594,0.207816,17.279965,0.0,2.443756,1.0,,12.96174,16.27826
GPM091_decisions,2.58,1.513072,0.00034,12.05716,0.0,1.70514,1.0,,2.160605,2.999395
GPM091_forks,1.16,0.421852,0.0,19.443874,0.0,2.749779,1.0,,1.043071,1.276929
GPM091_swimlanes,3.48,2.187534,0.000598,11.248883,0.0,1.590832,1.0,,2.873658,4.086342
GPM091_detaches,0.0,0.0,1.0,0.0,1.0,0.0,0.0,,0.0,0.0
GPM091_options,0.28,0.671277,0.0,2.949453,0.003183,0.417116,0.838789,,0.093935,0.466065
GPM091_edges,3.38,7.395227,0.0,3.231842,0.00123,0.457052,0.898292,,1.330185,5.429815
GPM091_notes,3.9,2.434866,0.00162,11.325948,0.0,1.601731,1.0,,3.225102,4.574898
GPM091_partitions,0.14,0.495284,0.0,1.998752,0.045635,0.282666,0.515508,,0.002717,0.277283
GPM091_numberline,42.62,10.181796,0.150684,29.598795,0.0,4.185902,1.0,,39.797802,45.442198
GPM091_negative_score,-1.955145,6.761391,0.0,-2.044692,0.040885,-0.289163,0.533792,,-3.829272,-0.081017
GPM091_raw_score,72.4618,21.771307,0.484795,23.534751,0.0,3.328316,1.0,,66.427212,78.496388
GPM091_percentage_score,75.59,9.598475,0.0,55.686142,0.0,7.87521,1.0,,72.929487,78.250513
GPM091_functional_complexity,28.83,10.815998,0.961244,18.847903,0.0,2.665496,1.0,,25.832013,31.827987
GPM091_organization_score,6.96,4.375069,0.000598,11.248883,0.0,1.590832,1.0,,5.747315,8.172685
GPM091_structural_integrity,9.0678,2.488322,0.0,25.767984,0.0,3.644143,1.0,,8.378085,9.757515
GPM091_decisions_activities_ratio,0.33204,0.999709,0.0,2.348561,0.018846,0.332137,0.651221,,0.05494,0.60914
GPM091_lines_vs_average,0.91376,0.218294,0.150316,29.598911,0.0,4.185918,1.0,,0.853253,0.974267
GPM002_activities,15.5,3.929221,0.344994,27.893966,0.0,3.944803,1.0,,14.410896,16.589104
GPM002_decisions,2.32,1.236189,0.000155,13.270525,0.0,1.876736,1.0,,1.977352,2.662648
GPM002_forks,1.04,0.197949,0.0,37.150594,0.0,5.253887,1.0,,0.985132,1.094868
GPM002_swimlanes,3.8,2.626397,1.1e-05,10.230769,0.0,1.446849,1.0,,3.072013,4.527987
GPM002_detaches,0.0,0.0,1.0,0.0,1.0,0.0,0.0,,0.0,0.0
GPM002_options,0.3,0.580288,0.0,3.655631,0.000257,0.516984,0.955026,,0.139155,0.460845
GPM002_edges,0.88,1.79159,0.0,3.473193,0.000514,0.491184,0.934889,,0.383406,1.376594
GPM002_notes,3.84,2.67536,1.4e-05,10.149251,0.0,1.435321,1.0,,3.098442,4.581558
GPM002_partitions,0.12,0.479796,0.0,1.768519,0.076974,0.250106,0.424185,,-0.01299,0.25299
GPM002_numberline,38.02,9.108171,0.038107,29.516574,0.0,4.174274,1.0,,35.49539,40.54461
GPM002_negative_score,-0.205428,1.413624,0.0,-1.027568,0.304153,-0.14532,0.176972,,-0.597258,0.186401
GPM002_raw_score,72.8036,18.458374,0.09961,27.889737,0.0,3.944204,1.0,,67.687294,77.919906
GPM002_percentage_score,77.426,4.914984,0.014561,111.390907,0.0,15.753053,1.0,,76.063661,78.788339
GPM002_functional_complexity,29.45,7.675996,0.176795,27.12911,0.0,3.836636,1.0,,27.322361,31.577639
GPM002_organization_score,7.6,5.252793,1.1e-05,10.230769,0.0,1.446849,1.0,,6.144027,9.055973
GPM002_structural_integrity,9.7946,1.413629,0.0,48.993241,0.0,6.928691,1.0,,9.402769,10.186431
GPM002_decisions_activities_ratio,0.14788,0.061044,0.3453,17.129901,0.0,2.422534,1.0,,0.13096,0.1648
GPM002_lines_vs_average,0.8152,0.195243,0.037487,29.523943,0.0,4.175316,1.0,,0.761082,0.869318
GPM052_activities,15.22,5.552312,0.136639,19.383216,0.0,2.741201,1.0,,13.681006,16.758994
GPM052_decisions,2.24,1.204752,0.008528,13.147258,0.0,1.859303,1.0,,1.906066,2.573934
GPM052_forks,1.1,0.364216,0.0,21.355958,0.0,3.020188,1.0,,0.999046,1.200954
GPM052_swimlanes,3.38,2.406539,5e-06,9.931363,0.0,1.404507,1.0,,2.712954,4.047046
GPM052_detaches,0.0,0.0,1.0,0.0,1.0,0.0,0.0,,0.0,0.0
GPM052_options,0.26,0.632778,0.0,2.905406,0.003668,0.410887,0.827784,,0.084606,0.435394
GPM052_edges,1.82,3.794142,0.0,3.391899,0.000694,0.479687,0.923919,,0.768337,2.871663
GPM052_notes,4.52,3.08545,0.016586,10.358693,0.0,1.46494,1.0,,3.664773,5.375227
GPM052_partitions,0.12,0.479796,0.0,1.768519,0.076974,0.250106,0.424185,,-0.01299,0.25299
GPM052_numberline,40.06,9.811301,0.002901,28.871499,0.0,4.083047,1.0,,37.340496,42.779504
GPM052_negative_score,-0.718514,2.936283,0.0,-1.730305,0.083576,-0.244702,0.40929,,-1.532395,0.095367
GPM052_raw_score,72.2046,22.724873,0.218101,22.467171,0.0,3.177338,1.0,,65.905702,78.503498
GPM052_percentage_score,76.31,8.135743,0.0,66.323779,0.0,9.379599,1.0,,74.054929,78.565071
GPM052_functional_complexity,28.96,9.969259,0.770668,20.540958,0.0,2.90493,1.0,,26.196713,31.723287
GPM052_organization_score,6.76,4.813077,5e-06,9.931363,0.0,1.404507,1.0,,5.425908,8.094092
GPM052_structural_integrity,9.4816,1.658756,0.0,40.418871,0.0,5.716091,1.0,,9.021825,9.941375
GPM052_decisions_activities_ratio,0.14522,0.068289,0.297447,15.036897,0.0,2.126538,1.0,,0.126291,0.164149
GPM052_lines_vs_average,0.85904,0.210403,0.002888,28.86999,0.0,4.082833,1.0,,0.80072,0.91736
GPM092_activities,15.6,5.707138,0.008449,19.32819,0.0,2.733419,1.0,,14.018091,17.181909
GPM092_decisions,2.6,1.603567,9e-06,11.464922,0.0,1.621385,1.0,,2.155522,3.044478
GPM092_forks,1.2,0.451754,0.0,18.782971,0.0,2.656313,1.0,,1.074782,1.325218
GPM092_swimlanes,3.52,2.251893,1.5e-05,11.052995,0.0,1.56313,1.0,,2.895819,4.144181
GPM092_detaches,0.0,0.0,1.0,0.0,1.0,0.0,0.0,,0.0,0.0
GPM092_options,0.28,0.671277,0.0,2.949453,0.003183,0.417116,0.838789,,0.093935,0.466065
GPM092_edges,1.64,4.20767,0.0,2.75605,0.00585,0.389764,0.78701,,0.473715,2.806285
GPM092_notes,4.28,2.806988,9e-05,10.781723,0.0,1.524766,1.0,,3.501957,5.058043
GPM092_partitions,0.16,0.421852,0.0,2.681914,0.00732,0.37928,0.764839,,0.043071,0.276929
GPM092_numberline,41.3,11.256291,0.029917,25.944168,0.0,3.669059,1.0,,38.179973,44.420027
GPM092_negative_score,-1.458785,5.272426,0.0,-1.956436,0.050414,-0.276682,0.498638,,-2.9202,0.00263
GPM092_raw_score,74.3582,23.853741,0.007797,22.042323,0.0,3.117255,1.0,,67.746402,80.969998
GPM092_percentage_score,76.386,7.994105,0.0,67.566109,0.0,9.555291,1.0,,74.170188,78.601812
GPM092_functional_complexity,30.4,11.326779,0.000856,18.978075,0.0,2.683905,1.0,,27.260435,33.539565
GPM092_organization_score,7.04,4.503785,1.5e-05,11.052995,0.0,1.56313,1.0,,5.791637,8.288363
GPM092_structural_integrity,9.0382,2.506124,0.0,25.501417,0.0,3.606445,1.0,,8.34355,9.73285
GPM092_decisions_activities_ratio,0.2138,0.406778,0.0,3.716512,0.000202,0.525594,0.960503,,0.101049,0.326551
GPM092_lines_vs_average,0.88556,0.241365,0.030199,25.943543,0.0,3.668971,1.0,,0.818658,0.952462
GPM003_activities,15.7,4.111954,0.62009,26.998301,0.0,3.818136,1.0,,14.560246,16.839754
GPM003_decisions,2.48,1.110984,6.3e-05,15.784427,0.0,2.232255,1.0,,2.172057,2.787943
GPM003_forks,1.1,0.303046,0.0,25.666667,0.0,3.629815,1.0,,1.016002,1.183998
GPM003_swimlanes,3.52,2.14038,0.000257,11.628853,0.0,1.644568,1.0,,2.926728,4.113272
GPM003_detaches,0.0,0.0,1.0,0.0,1.0,0.0,0.0,,0.0,0.0
GPM003_options,0.28,0.640153,0.0,3.092853,0.001982,0.437395,0.87137,,0.102562,0.457438
GPM003_edges,0.88,1.189066,0.0,5.233133,0.0,0.740077,0.999468,,0.550414,1.209586
GPM003_notes,3.78,2.605254,0.002332,10.259514,0.0,1.450914,1.0,,3.057874,4.502126
GPM003_partitions,0.1,0.46291,0.0,1.527525,0.12663,0.216025,0.332955,,-0.02831,0.22831
GPM003_numberline,38.2,8.453957,0.015196,31.951285,0.0,4.518594,1.0,,35.856726,40.543274
GPM003_negative_score,-0.646105,2.192261,0.0,-2.08399,0.037161,-0.294721,0.549379,,-1.253757,-0.038452
GPM003_raw_score,73.1338,18.991673,0.022897,27.229516,0.0,3.850835,1.0,,67.869674,78.397926
GPM003_percentage_score,77.076,5.753031,0.000113,94.734337,0.0,13.397458,1.0,,75.48137,78.67063
GPM003_functional_complexity,30.16,7.805963,0.390159,27.320575,0.0,3.863713,1.0,,27.996337,32.323663
GPM003_organization_score,7.04,4.280759,0.000257,11.628853,0.0,1.644568,1.0,,5.853456,8.226544
GPM003_structural_integrity,9.3562,2.182007,0.0,30.319941,0.0,4.287887,1.0,,8.75139,9.96101
GPM003_decisions_activities_ratio,0.15802,0.054459,0.414245,20.517807,0.0,2.901656,1.0,,0.142925,0.173115
GPM003_lines_vs_average,0.819,0.181304,0.015282,31.941956,0.0,4.517275,1.0,,0.768746,0.869254
GPM053_activities,15.08,4.964527,0.136835,21.478722,0.0,3.03755,1.0,,13.703929,16.456071
GPM053_decisions,2.56,1.500476,1.2e-05,12.064126,0.0,1.706125,1.0,,2.144097,2.975903
GPM053_forks,1.14,0.35051,0.0,22.997978,0.0,3.252405,1.0,,1.042845,1.237155
GPM053_swimlanes,3.68,2.271743,0.000239,11.454434,0.0,1.619902,1.0,,3.050317,4.309683
GPM053_detaches,0.0,0.0,1.0,0.0,1.0,0.0,0.0,,0.0,0.0
GPM053_options,0.24,0.624663,0.0,2.716754,0.006593,0.384207,0.775414,,0.066855,0.413145
GPM053_edges,1.54,2.915196,0.0,3.735407,0.000187,0.528266,0.962088,,0.731964,2.348036
GPM053_notes,4.46,2.956901,0.008442,10.665545,0.0,1.508336,1.0,,3.640404,5.279596
GPM053_partitions,0.1,0.364216,0.0,1.941451,0.052204,0.274563,0.492663,,-0.000954,0.200954
GPM053_numberline,39.7,9.679033,0.10536,29.003042,0.0,4.10165,1.0,,37.017158,42.382842
GPM053_negative_score,-1.256237,3.664084,0.0,-2.424326,0.015337,-0.342852,0.678812,,-2.27185,-0.240623
GPM053_raw_score,72.7946,20.846816,0.070122,24.691327,0.0,3.491881,1.0,,67.016263,78.572937
GPM053_percentage_score,76.274,7.316903,6e-06,73.711329,0.0,10.424356,1.0,,74.245895,78.302105
GPM053_functional_complexity,29.45,9.519716,0.02537,21.874911,0.0,3.09358,1.0,,26.811318,32.088682
GPM053_organization_score,7.36,4.543486,0.000239,11.454434,0.0,1.619902,1.0,,6.100633,8.619367
GPM053_structural_integrity,8.9438,2.788319,0.0,22.681128,0.0,3.207596,1.0,,8.170932,9.716668
GPM053_decisions_activities_ratio,0.23844,0.546827,0.0,3.083286,0.002047,0.436043,0.86935,,0.08687,0.39001
GPM053_lines_vs_average,0.85128,0.207493,0.103755,29.010403,0.0,4.102691,1.0,,0.793767,0.908793
GPM093_activities,16.02,5.084952,0.002043,22.277204,0.0,3.150472,1.0,,14.610549,17.429451
GPM093_decisions,2.62,1.227076,0.00798,15.097847,0.0,2.135158,1.0,,2.279878,2.960122
GPM093_forks,1.12,0.435187,0.0,18.198143,0.0,2.573606,1.0,,0.999375,1.240625
GPM093_swimlanes,4.28,2.433105,0.004359,12.438497,0.0,1.759069,1.0,,3.60559,4.95441
GPM093_detaches,0.0,0.0,1.0,0.0,1.0,0.0,0.0,,0.0,0.0
GPM093_options,0.24,0.555492,0.0,3.05505,0.00225,0.432049,0.863261,,0.086028,0.393972
GPM093_edges,1.5,2.270036,0.0,4.672439,3e-06,0.660783,0.996661,,0.87079,2.12921
GPM093_notes,3.42,2.587963,0.000309,9.344436,0.0,1.321503,1.0,,2.702667,4.137333
GPM093_partitions,0.18,0.437526,0.0,2.90907,0.003625,0.411405,0.828717,,0.058726,0.301274
GPM093_numberline,41.84,10.398901,0.148274,28.450456,0.0,4.023502,1.0,,38.957625,44.722375
GPM093_negative_score,-0.447956,1.0529,0.0,-3.008385,0.002626,-0.42545,0.852778,,-0.7398,-0.156113
GPM093_raw_score,77.1502,21.268739,0.069181,25.649583,0.0,3.627399,1.0,,71.254915,83.045485
GPM093_percentage_score,78.12,4.738165,0.071563,116.5835,0.0,16.487397,1.0,,76.806672,79.433328
GPM093_functional_complexity,30.95,9.303417,0.004357,23.523566,0.0,3.326735,1.0,,28.371272,33.528728
GPM093_organization_score,8.56,4.86621,0.004359,12.438497,0.0,1.759069,1.0,,7.21118,9.90882
GPM093_structural_integrity,9.5522,1.052913,0.0,64.149894,0.0,9.072165,1.0,,9.260353,9.844047
GPM093_decisions_activities_ratio,0.1668,0.074421,0.039014,15.848456,0.0,2.24131,1.0,,0.146172,0.187428
GPM093_lines_vs_average,0.89706,0.222941,0.147779,28.452286,0.0,4.023761,1.0,,0.835265,0.958855
GPN001_activities,8.36,13.789615,0.0,4.286859,1.8e-05,0.606253,0.990015,,4.537784,12.182216
GPN001_decisions,8.96,4.637733,0.024536,13.661149,0.0,1.931978,1.0,,7.674509,10.245491
GPN001_forks,1.86,0.903734,1.7e-05,14.553165,0.0,2.058128,1.0,,1.609502,2.110498
GPN001_swimlanes,1.66,9.025158,0.0,1.300584,0.193401,0.18393,0.255382,,-0.8416,4.1616
GPN001_detaches,0.04,0.282843,0.0,1.0,0.317311,0.141421,0.170075,,-0.038399,0.118399
GPN001_options,0.28,0.757008,0.0,2.615427,0.008912,0.369877,0.743917,,0.070172,0.489828
GPN001_edges,39.88,23.473511,0.098019,12.013294,0.0,1.698936,1.0,,33.373594,46.386406
GPN001_notes,6.52,2.894329,0.028209,15.928858,0.0,2.252681,1.0,,5.717748,7.322252
GPN001_partitions,14.28,11.221408,0.001102,8.998412,0.0,1.272568,1.0,,11.169642,17.390358
GPN001_numberline,151.72,43.518722,0.044212,24.651974,0.0,3.486316,1.0,,139.657447,163.782553
GPN001_negative_score,-21.885518,8.596625,0.0,-18.001714,0.0,-2.545827,1.0,,-24.268337,-19.502699
GPN001_raw_score,130.2324,56.471125,0.006659,16.307133,0.0,2.306177,1.0,,114.579691,145.885109
GPN001_percentage_score,73.224,9.424427,0.207053,54.939349,0.0,7.769597,1.0,,70.61173,75.83627
GPN001_functional_complexity,33.25,23.07668,3.5e-05,10.188337,0.0,1.440849,1.0,,26.853588,39.646412
GPN001_organization_score,3.32,18.050315,0.0,1.300584,0.193401,0.18393,0.255382,,-1.6832,8.3232
GPN001_structural_integrity,0.1948,1.377444,0.0,1.0,0.317311,0.141421,0.170075,,-0.187001,0.576601
GPN001_decisions_activities_ratio,6.09946,5.627215,0.00029,7.664484,0.0,1.083922,1.0,,4.539704,7.659216
GPN001_lines_vs_average,3.25308,0.933119,0.044175,24.651463,0.0,3.486243,1.0,,2.994437,3.511723
GPN002_activities,5.48,10.202521,0.0,3.798027,0.000146,0.537122,0.966973,,2.652058,8.307942
GPN002_decisions,9.0,4.370588,0.625729,14.56088,0.0,2.059219,1.0,,7.788557,10.211443
GPN002_forks,1.7,0.974156,0.000209,12.339725,0.0,1.745101,1.0,,1.429983,1.970017
GPN002_swimlanes,0.9,3.637952,0.0,1.749325,0.080235,0.247392,0.416689,,-0.10837,1.90837
GPN002_detaches,0.04,0.282843,0.0,1.0,0.317311,0.141421,0.170075,,-0.038399,0.118399
GPN002_options,0.58,1.108225,0.0,3.700709,0.000215,0.523359,0.959136,,0.272821,0.887179
GPN002_edges,43.7,21.625995,0.187603,14.288622,0.0,2.020716,1.0,,37.70569,49.69431
GPN002_notes,6.56,3.058344,0.005116,15.167097,0.0,2.144951,1.0,,5.712286,7.407714
GPN002_partitions,14.16,11.496867,0.000254,8.709009,0.0,1.23164,1.0,,10.97329,17.34671
GPN002_numberline,151.08,37.175173,0.781837,28.736838,0.0,4.064003,1.0,,140.775757,161.384243
GPN002_negative_score,-23.046399,4.528337,0.0,-35.987304,0.0,-5.089373,1.0,,-24.301567,-21.791231
GPN002_raw_score,123.2956,47.497385,0.016383,18.355359,0.0,2.59584,1.0,,110.130238,136.460962
GPN002_percentage_score,71.992,8.360765,0.073053,60.886814,0.0,8.610696,1.0,,69.674557,74.309443
GPN002_functional_complexity,28.77,17.393762,4e-06,11.695838,0.0,1.654041,1.0,,23.948784,33.591216
GPN002_organization_score,1.8,7.275904,0.0,1.749325,0.080235,0.247392,0.416689,,-0.216741,3.816741
GPN002_structural_integrity,0.0,0.0,1.0,0.0,1.0,0.0,0.0,,0.0,0.0
GPN002_decisions_activities_ratio,6.38268,5.471922,0.001665,8.247991,0.0,1.166442,1.0,,4.865968,7.899392
GPN002_lines_vs_average,3.23942,0.797184,0.781304,28.733857,0.0,4.063581,1.0,,3.018456,3.460384
GPN003_activities,5.58,10.357074,0.0,3.809624,0.000139,0.538762,0.967819,,2.709218,8.450782
GPN003_decisions,8.58,6.266497,0.0,9.681608,0.0,1.369186,1.0,,6.843048,10.316952
GPN003_forks,2.0,1.665986,0.0,8.488747,0.0,1.20049,1.0,,1.538221,2.461779
GPN003_swimlanes,5.04,20.65653,0.0,1.725274,0.084478,0.243991,0.407339,,-0.685593,10.765593
GPN003_detaches,0.0,0.0,1.0,0.0,1.0,0.0,0.0,,0.0,0.0
GPN003_options,0.36,0.942424,0.0,2.701103,0.006911,0.381994,0.770697,,0.098778,0.621222
GPN003_edges,44.54,28.994869,1e-06,10.862107,0.0,1.536134,1.0,,36.50318,52.57682
GPN003_notes,6.66,2.661977,0.003659,17.691103,0.0,2.5019,1.0,,5.922151,7.397849
GPN003_partitions,11.42,10.252108,8.7e-05,7.876585,0.0,1.113917,1.0,,8.578313,14.261687
GPN003_numberline,148.18,68.140219,0.0,15.376981,0.0,2.174633,1.0,,129.292842,167.067158
GPN003_negative_score,-22.64398,7.690633,0.0,-20.819758,0.0,-2.944358,1.0,,-24.775676,-20.512285
GPN003_raw_score,128.171,102.274233,0.0,8.861527,0.0,1.253209,1.0,,99.82255,156.51945
GPN003_percentage_score,71.236,10.745436,0.000666,46.877074,0.0,6.629419,1.0,,68.257572,74.214428
GPN003_functional_complexity,28.53,23.592936,0.0,8.550761,0.0,1.20926,1.0,,21.990492,35.069508
GPN003_organization_score,10.08,41.313061,0.0,1.725274,0.084478,0.243991,0.407339,,-1.371186,21.531186
GPN003_structural_integrity,0.0,0.0,1.0,0.0,1.0,0.0,0.0,,0.0,0.0
GPN003_decisions_activities_ratio,5.47298,3.995073,0.002206,9.686884,0.0,1.369932,1.0,,4.365623,6.580337
GPN003_lines_vs_average,3.1772,1.461031,0.0,15.376945,0.0,2.174628,1.0,,2.77223,3.58217
